ResourceSpeciesID,ConsumerSpeciesID,Type,System
6,21,Feeding,BSQ
24,34,Feeding,BSQ
25,34,Feeding,BSQ
26,34,Feeding,BSQ
35,34,Feeding,BSQ
36,34,Feeding,BSQ
37,34,Feeding,BSQ
38,34,Feeding,BSQ
39,34,Feeding,BSQ
40,34,Feeding,BSQ
41,34,Feeding,BSQ
42,34,Feeding,BSQ
43,34,Feeding,BSQ
45,34,Feeding,BSQ
21,43,Feeding,BSQ
24,43,Feeding,BSQ
25,43,Feeding,BSQ
26,43,Feeding,BSQ
29,43,Feeding,BSQ
34,43,Feeding,BSQ
36,43,Feeding,BSQ
37,43,Feeding,BSQ
38,43,Feeding,BSQ
39,43,Feeding,BSQ
40,43,Feeding,BSQ
41,43,Feeding,BSQ
42,43,Feeding,BSQ
43,43,Feeding,BSQ
45,43,Feeding,BSQ
66,43,Feeding,BSQ
92,43,Feeding,BSQ
100,43,Feeding,BSQ
104,43,Feeding,BSQ
21,45,Feeding,BSQ
24,45,Feeding,BSQ
25,45,Feeding,BSQ
26,45,Feeding,BSQ
29,45,Feeding,BSQ
34,45,Feeding,BSQ
36,45,Feeding,BSQ
37,45,Feeding,BSQ
38,45,Feeding,BSQ
39,45,Feeding,BSQ
40,45,Feeding,BSQ
41,45,Feeding,BSQ
42,45,Feeding,BSQ
43,45,Feeding,BSQ
45,45,Feeding,BSQ
66,45,Feeding,BSQ
92,45,Feeding,BSQ
100,45,Feeding,BSQ
104,45,Feeding,BSQ
12,24,Feeding,BSQ
12,25,Feeding,BSQ
12,26,Feeding,BSQ
12,37,Feeding,BSQ
12,40,Feeding,BSQ
12,41,Feeding,BSQ
12,42,Feeding,BSQ
12,43,Feeding,BSQ
12,45,Feeding,BSQ
122,47,Feeding,BSQ
24,48,Feeding,BSQ
25,48,Feeding,BSQ
26,48,Feeding,BSQ
29,48,Feeding,BSQ
34,48,Feeding,BSQ
36,48,Feeding,BSQ
37,48,Feeding,BSQ
38,48,Feeding,BSQ
39,48,Feeding,BSQ
40,48,Feeding,BSQ
41,48,Feeding,BSQ
42,48,Feeding,BSQ
43,48,Feeding,BSQ
45,48,Feeding,BSQ
66,48,Feeding,BSQ
92,48,Feeding,BSQ
24,53,Feeding,BSQ
25,53,Feeding,BSQ
26,53,Feeding,BSQ
29,53,Feeding,BSQ
34,53,Feeding,BSQ
35,53,Feeding,BSQ
36,53,Feeding,BSQ
37,53,Feeding,BSQ
38,53,Feeding,BSQ
39,53,Feeding,BSQ
40,53,Feeding,BSQ
41,53,Feeding,BSQ
42,53,Feeding,BSQ
43,53,Feeding,BSQ
45,53,Feeding,BSQ
12,66,Feeding,BSQ
12,66,Feeding,BSQ
6,75,Feeding,BSQ
6,77,Feeding,BSQ
6,79,Feeding,BSQ
145,86,Feeding,BSQ
146,86,Feeding,BSQ
147,86,Feeding,BSQ
148,86,Feeding,BSQ
152,86,Feeding,BSQ
153,86,Feeding,BSQ
156,86,Feeding,BSQ
157,86,Feeding,BSQ
158,86,Feeding,BSQ
160,86,Feeding,BSQ
162,86,Feeding,BSQ
163,86,Feeding,BSQ
164,86,Feeding,BSQ
165,86,Feeding,BSQ
166,86,Feeding,BSQ
167,86,Feeding,BSQ
168,86,Feeding,BSQ
169,86,Feeding,BSQ
171,86,Feeding,BSQ
172,86,Feeding,BSQ
175,86,Feeding,BSQ
176,86,Feeding,BSQ
178,86,Feeding,BSQ
179,86,Feeding,BSQ
181,86,Feeding,BSQ
185,86,Feeding,BSQ
186,86,Feeding,BSQ
187,86,Feeding,BSQ
188,86,Feeding,BSQ
189,86,Feeding,BSQ
190,86,Feeding,BSQ
191,86,Feeding,BSQ
192,86,Feeding,BSQ
193,86,Feeding,BSQ
196,86,Feeding,BSQ
198,86,Feeding,BSQ
203,86,Feeding,BSQ
206,86,Feeding,BSQ
207,86,Feeding,BSQ
208,86,Feeding,BSQ
209,86,Feeding,BSQ
145,90,Feeding,BSQ
146,90,Feeding,BSQ
147,90,Feeding,BSQ
148,90,Feeding,BSQ
152,90,Feeding,BSQ
153,90,Feeding,BSQ
156,90,Feeding,BSQ
157,90,Feeding,BSQ
158,90,Feeding,BSQ
160,90,Feeding,BSQ
162,90,Feeding,BSQ
163,90,Feeding,BSQ
164,90,Feeding,BSQ
165,90,Feeding,BSQ
166,90,Feeding,BSQ
167,90,Feeding,BSQ
168,90,Feeding,BSQ
169,90,Feeding,BSQ
171,90,Feeding,BSQ
172,90,Feeding,BSQ
175,90,Feeding,BSQ
176,90,Feeding,BSQ
178,90,Feeding,BSQ
179,90,Feeding,BSQ
181,90,Feeding,BSQ
185,90,Feeding,BSQ
186,90,Feeding,BSQ
187,90,Feeding,BSQ
188,90,Feeding,BSQ
189,90,Feeding,BSQ
190,90,Feeding,BSQ
191,90,Feeding,BSQ
192,90,Feeding,BSQ
193,90,Feeding,BSQ
196,90,Feeding,BSQ
198,90,Feeding,BSQ
203,90,Feeding,BSQ
206,90,Feeding,BSQ
207,90,Feeding,BSQ
208,90,Feeding,BSQ
209,90,Feeding,BSQ
6,91,Feeding,BSQ
10,91,Feeding,BSQ
12,92,Feeding,BSQ
6,94,Feeding,BSQ
6,96,Feeding,BSQ
10,96,Feeding,BSQ
6,97,Feeding,BSQ
10,97,Feeding,BSQ
6,98,Feeding,BSQ
10,98,Feeding,BSQ
6,101,Feeding,BSQ
10,101,Feeding,BSQ
6,103,Feeding,BSQ
12,104,Feeding,BSQ
6,105,Feeding,BSQ
10,105,Feeding,BSQ
6,107,Feeding,BSQ
6,110,Feeding,BSQ
6,94,Feeding,BSQ
12,111,Feeding,BSQ
6,114,Feeding,BSQ
10,114,Feeding,BSQ
14,114,Feeding,BSQ
15,114,Feeding,BSQ
16,114,Feeding,BSQ
20,114,Feeding,BSQ
24,114,Feeding,BSQ
25,114,Feeding,BSQ
26,114,Feeding,BSQ
29,114,Feeding,BSQ
34,114,Feeding,BSQ
35,114,Feeding,BSQ
36,114,Feeding,BSQ
37,114,Feeding,BSQ
38,114,Feeding,BSQ
39,114,Feeding,BSQ
40,114,Feeding,BSQ
41,114,Feeding,BSQ
42,114,Feeding,BSQ
43,114,Feeding,BSQ
45,114,Feeding,BSQ
48,114,Feeding,BSQ
53,114,Feeding,BSQ
66,114,Feeding,BSQ
75,114,Feeding,BSQ
77,114,Feeding,BSQ
79,114,Feeding,BSQ
82,114,Feeding,BSQ
91,114,Feeding,BSQ
96,114,Feeding,BSQ
97,114,Feeding,BSQ
98,114,Feeding,BSQ
101,114,Feeding,BSQ
105,114,Feeding,BSQ
107,114,Feeding,BSQ
94,114,Feeding,BSQ
94,114,Feeding,BSQ
10,118,Feeding,BSQ
21,118,Feeding,BSQ
24,118,Feeding,BSQ
25,118,Feeding,BSQ
26,118,Feeding,BSQ
29,118,Feeding,BSQ
34,118,Feeding,BSQ
36,118,Feeding,BSQ
37,118,Feeding,BSQ
38,118,Feeding,BSQ
39,118,Feeding,BSQ
40,118,Feeding,BSQ
41,118,Feeding,BSQ
42,118,Feeding,BSQ
43,118,Feeding,BSQ
45,118,Feeding,BSQ
66,118,Feeding,BSQ
92,118,Feeding,BSQ
104,118,Feeding,BSQ
21,119,Feeding,BSQ
24,119,Feeding,BSQ
25,119,Feeding,BSQ
26,119,Feeding,BSQ
29,119,Feeding,BSQ
34,119,Feeding,BSQ
36,119,Feeding,BSQ
37,119,Feeding,BSQ
38,119,Feeding,BSQ
39,119,Feeding,BSQ
40,119,Feeding,BSQ
41,119,Feeding,BSQ
42,119,Feeding,BSQ
43,119,Feeding,BSQ
45,119,Feeding,BSQ
66,119,Feeding,BSQ
89,119,Feeding,BSQ
91,119,Feeding,BSQ
96,119,Feeding,BSQ
97,119,Feeding,BSQ
98,119,Feeding,BSQ
100,119,Feeding,BSQ
101,119,Feeding,BSQ
103,119,Feeding,BSQ
104,119,Feeding,BSQ
105,119,Feeding,BSQ
107,119,Feeding,BSQ
108,119,Feeding,BSQ
110,119,Feeding,BSQ
10,121,Feeding,BSQ
24,121,Feeding,BSQ
25,121,Feeding,BSQ
26,121,Feeding,BSQ
29,121,Feeding,BSQ
34,121,Feeding,BSQ
35,121,Feeding,BSQ
36,121,Feeding,BSQ
37,121,Feeding,BSQ
38,121,Feeding,BSQ
39,121,Feeding,BSQ
40,121,Feeding,BSQ
41,121,Feeding,BSQ
42,121,Feeding,BSQ
43,121,Feeding,BSQ
45,121,Feeding,BSQ
24,121,Feeding,BSQ
25,121,Feeding,BSQ
26,121,Feeding,BSQ
29,121,Feeding,BSQ
34,121,Feeding,BSQ
36,121,Feeding,BSQ
37,121,Feeding,BSQ
38,121,Feeding,BSQ
39,121,Feeding,BSQ
40,121,Feeding,BSQ
41,121,Feeding,BSQ
42,121,Feeding,BSQ
43,121,Feeding,BSQ
45,121,Feeding,BSQ
53,121,Feeding,BSQ
66,121,Feeding,BSQ
75,121,Feeding,BSQ
76,121,Feeding,BSQ
89,121,Feeding,BSQ
91,121,Feeding,BSQ
92,121,Feeding,BSQ
96,121,Feeding,BSQ
97,121,Feeding,BSQ
98,121,Feeding,BSQ
100,121,Feeding,BSQ
101,121,Feeding,BSQ
103,121,Feeding,BSQ
104,121,Feeding,BSQ
105,121,Feeding,BSQ
107,121,Feeding,BSQ
108,121,Feeding,BSQ
110,121,Feeding,BSQ
86,121,Feeding,BSQ
90,121,Feeding,BSQ
94,121,Feeding,BSQ
10,122,Feeding,BSQ
88,122,Feeding,BSQ
89,122,Feeding,BSQ
91,122,Feeding,BSQ
96,122,Feeding,BSQ
97,122,Feeding,BSQ
98,122,Feeding,BSQ
100,122,Feeding,BSQ
101,122,Feeding,BSQ
103,122,Feeding,BSQ
105,122,Feeding,BSQ
107,122,Feeding,BSQ
108,122,Feeding,BSQ
109,122,Feeding,BSQ
110,122,Feeding,BSQ
94,122,Feeding,BSQ
94,122,Feeding,BSQ
111,122,Feeding,BSQ
114,122,Feeding,BSQ
119,122,Feeding,BSQ
121,122,Feeding,BSQ
136,122,Feeding,BSQ
138,122,Feeding,BSQ
211,122,Feeding,BSQ
24,125,Feeding,BSQ
34,125,Feeding,BSQ
36,125,Feeding,BSQ
37,125,Feeding,BSQ
38,125,Feeding,BSQ
39,125,Feeding,BSQ
40,125,Feeding,BSQ
41,125,Feeding,BSQ
42,125,Feeding,BSQ
43,125,Feeding,BSQ
45,125,Feeding,BSQ
53,125,Feeding,BSQ
88,125,Feeding,BSQ
89,125,Feeding,BSQ
91,125,Feeding,BSQ
96,125,Feeding,BSQ
97,125,Feeding,BSQ
98,125,Feeding,BSQ
100,125,Feeding,BSQ
101,125,Feeding,BSQ
103,125,Feeding,BSQ
105,125,Feeding,BSQ
108,125,Feeding,BSQ
109,125,Feeding,BSQ
111,125,Feeding,BSQ
114,125,Feeding,BSQ
119,125,Feeding,BSQ
121,125,Feeding,BSQ
136,125,Feeding,BSQ
138,125,Feeding,BSQ
211,125,Feeding,BSQ
10,128,Feeding,BSQ
111,130,Feeding,BSQ
114,130,Feeding,BSQ
118,130,Feeding,BSQ
119,130,Feeding,BSQ
121,130,Feeding,BSQ
125,130,Feeding,BSQ
136,130,Feeding,BSQ
138,130,Feeding,BSQ
211,130,Feeding,BSQ
34,131,Feeding,BSQ
111,131,Feeding,BSQ
114,131,Feeding,BSQ
211,131,Feeding,BSQ
34,134,Feeding,BSQ
111,134,Feeding,BSQ
114,134,Feeding,BSQ
211,134,Feeding,BSQ
24,136,Feeding,BSQ
34,136,Feeding,BSQ
36,136,Feeding,BSQ
37,136,Feeding,BSQ
38,136,Feeding,BSQ
39,136,Feeding,BSQ
40,136,Feeding,BSQ
41,136,Feeding,BSQ
42,136,Feeding,BSQ
89,136,Feeding,BSQ
91,136,Feeding,BSQ
96,136,Feeding,BSQ
97,136,Feeding,BSQ
98,136,Feeding,BSQ
100,136,Feeding,BSQ
101,136,Feeding,BSQ
103,136,Feeding,BSQ
105,136,Feeding,BSQ
107,136,Feeding,BSQ
108,136,Feeding,BSQ
110,136,Feeding,BSQ
111,137,Feeding,BSQ
114,137,Feeding,BSQ
119,137,Feeding,BSQ
136,137,Feeding,BSQ
211,137,Feeding,BSQ
21,138,Feeding,BSQ
24,138,Feeding,BSQ
25,138,Feeding,BSQ
26,138,Feeding,BSQ
29,138,Feeding,BSQ
34,138,Feeding,BSQ
36,138,Feeding,BSQ
37,138,Feeding,BSQ
38,138,Feeding,BSQ
39,138,Feeding,BSQ
40,138,Feeding,BSQ
41,138,Feeding,BSQ
42,138,Feeding,BSQ
43,138,Feeding,BSQ
45,138,Feeding,BSQ
66,138,Feeding,BSQ
89,138,Feeding,BSQ
92,138,Feeding,BSQ
100,138,Feeding,BSQ
103,138,Feeding,BSQ
104,138,Feeding,BSQ
111,140,Feeding,BSQ
114,140,Feeding,BSQ
119,140,Feeding,BSQ
136,140,Feeding,BSQ
138,140,Feeding,BSQ
211,140,Feeding,BSQ
12,145,Feeding,BSQ
14,145,Feeding,BSQ
15,145,Feeding,BSQ
16,145,Feeding,BSQ
75,145,Feeding,BSQ
91,145,Feeding,BSQ
96,145,Feeding,BSQ
97,145,Feeding,BSQ
98,145,Feeding,BSQ
101,145,Feeding,BSQ
105,145,Feeding,BSQ
107,145,Feeding,BSQ
86,145,Feeding,BSQ
90,145,Feeding,BSQ
94,145,Feeding,BSQ
94,145,Feeding,BSQ
24,146,Feeding,BSQ
25,146,Feeding,BSQ
26,146,Feeding,BSQ
29,146,Feeding,BSQ
34,146,Feeding,BSQ
35,146,Feeding,BSQ
36,146,Feeding,BSQ
37,146,Feeding,BSQ
38,146,Feeding,BSQ
39,146,Feeding,BSQ
40,146,Feeding,BSQ
41,146,Feeding,BSQ
42,146,Feeding,BSQ
43,146,Feeding,BSQ
45,146,Feeding,BSQ
53,146,Feeding,BSQ
66,146,Feeding,BSQ
77,146,Feeding,BSQ
79,146,Feeding,BSQ
88,146,Feeding,BSQ
89,146,Feeding,BSQ
91,146,Feeding,BSQ
94,146,Feeding,BSQ
96,146,Feeding,BSQ
97,146,Feeding,BSQ
98,146,Feeding,BSQ
101,146,Feeding,BSQ
105,146,Feeding,BSQ
107,146,Feeding,BSQ
108,146,Feeding,BSQ
109,146,Feeding,BSQ
114,146,Feeding,BSQ
119,146,Feeding,BSQ
136,146,Feeding,BSQ
138,146,Feeding,BSQ
114,147,Feeding,BSQ
118,147,Feeding,BSQ
119,147,Feeding,BSQ
121,147,Feeding,BSQ
122,147,Feeding,BSQ
125,147,Feeding,BSQ
136,147,Feeding,BSQ
138,147,Feeding,BSQ
118,148,Feeding,BSQ
121,148,Feeding,BSQ
4,152,Feeding,BSQ
7,152,Feeding,BSQ
8,152,Feeding,BSQ
10,152,Feeding,BSQ
11,152,Feeding,BSQ
14,152,Feeding,BSQ
15,152,Feeding,BSQ
16,152,Feeding,BSQ
17,152,Feeding,BSQ
18,152,Feeding,BSQ
19,152,Feeding,BSQ
20,152,Feeding,BSQ
48,152,Feeding,BSQ
75,152,Feeding,BSQ
91,152,Feeding,BSQ
96,152,Feeding,BSQ
97,152,Feeding,BSQ
98,152,Feeding,BSQ
101,152,Feeding,BSQ
105,152,Feeding,BSQ
107,152,Feeding,BSQ
94,152,Feeding,BSQ
94,152,Feeding,BSQ
118,153,Feeding,BSQ
119,153,Feeding,BSQ
121,153,Feeding,BSQ
122,153,Feeding,BSQ
125,153,Feeding,BSQ
128,153,Feeding,BSQ
136,153,Feeding,BSQ
138,153,Feeding,BSQ
88,156,Feeding,BSQ
94,156,Feeding,BSQ
114,156,Feeding,BSQ
66,157,Feeding,BSQ
114,157,Feeding,BSQ
118,157,Feeding,BSQ
121,157,Feeding,BSQ
118,158,Feeding,BSQ
119,158,Feeding,BSQ
121,158,Feeding,BSQ
136,158,Feeding,BSQ
138,158,Feeding,BSQ
75,160,Feeding,BSQ
77,160,Feeding,BSQ
79,160,Feeding,BSQ
82,160,Feeding,BSQ
88,160,Feeding,BSQ
91,160,Feeding,BSQ
94,160,Feeding,BSQ
96,160,Feeding,BSQ
97,160,Feeding,BSQ
98,160,Feeding,BSQ
101,160,Feeding,BSQ
105,160,Feeding,BSQ
107,160,Feeding,BSQ
109,160,Feeding,BSQ
114,160,Feeding,BSQ
121,160,Feeding,BSQ
122,160,Feeding,BSQ
118,162,Feeding,BSQ
119,162,Feeding,BSQ
121,162,Feeding,BSQ
122,162,Feeding,BSQ
125,162,Feeding,BSQ
128,162,Feeding,BSQ
136,162,Feeding,BSQ
138,162,Feeding,BSQ
118,163,Feeding,BSQ
119,163,Feeding,BSQ
121,163,Feeding,BSQ
122,163,Feeding,BSQ
125,163,Feeding,BSQ
128,163,Feeding,BSQ
136,163,Feeding,BSQ
138,163,Feeding,BSQ
24,164,Feeding,BSQ
25,164,Feeding,BSQ
26,164,Feeding,BSQ
29,164,Feeding,BSQ
34,164,Feeding,BSQ
35,164,Feeding,BSQ
36,164,Feeding,BSQ
37,164,Feeding,BSQ
38,164,Feeding,BSQ
39,164,Feeding,BSQ
40,164,Feeding,BSQ
41,164,Feeding,BSQ
42,164,Feeding,BSQ
43,164,Feeding,BSQ
45,164,Feeding,BSQ
53,164,Feeding,BSQ
77,164,Feeding,BSQ
79,164,Feeding,BSQ
88,164,Feeding,BSQ
89,164,Feeding,BSQ
91,164,Feeding,BSQ
96,164,Feeding,BSQ
97,164,Feeding,BSQ
98,164,Feeding,BSQ
101,164,Feeding,BSQ
105,164,Feeding,BSQ
107,164,Feeding,BSQ
108,164,Feeding,BSQ
109,164,Feeding,BSQ
121,164,Feeding,BSQ
91,165,Feeding,BSQ
96,165,Feeding,BSQ
97,165,Feeding,BSQ
98,165,Feeding,BSQ
101,165,Feeding,BSQ
105,165,Feeding,BSQ
107,165,Feeding,BSQ
114,165,Feeding,BSQ
118,165,Feeding,BSQ
119,165,Feeding,BSQ
121,165,Feeding,BSQ
122,165,Feeding,BSQ
125,165,Feeding,BSQ
136,165,Feeding,BSQ
138,165,Feeding,BSQ
118,166,Feeding,BSQ
119,166,Feeding,BSQ
121,166,Feeding,BSQ
136,166,Feeding,BSQ
138,166,Feeding,BSQ
118,167,Feeding,BSQ
119,167,Feeding,BSQ
121,167,Feeding,BSQ
136,167,Feeding,BSQ
138,167,Feeding,BSQ
118,168,Feeding,BSQ
119,168,Feeding,BSQ
121,168,Feeding,BSQ
122,168,Feeding,BSQ
125,168,Feeding,BSQ
128,168,Feeding,BSQ
136,168,Feeding,BSQ
138,168,Feeding,BSQ
118,169,Feeding,BSQ
119,169,Feeding,BSQ
121,169,Feeding,BSQ
122,169,Feeding,BSQ
125,169,Feeding,BSQ
128,169,Feeding,BSQ
136,169,Feeding,BSQ
138,169,Feeding,BSQ
77,171,Feeding,BSQ
107,171,Feeding,BSQ
109,171,Feeding,BSQ
114,171,Feeding,BSQ
24,172,Feeding,BSQ
25,172,Feeding,BSQ
26,172,Feeding,BSQ
29,172,Feeding,BSQ
34,172,Feeding,BSQ
35,172,Feeding,BSQ
36,172,Feeding,BSQ
37,172,Feeding,BSQ
38,172,Feeding,BSQ
39,172,Feeding,BSQ
40,172,Feeding,BSQ
41,172,Feeding,BSQ
42,172,Feeding,BSQ
43,172,Feeding,BSQ
45,172,Feeding,BSQ
53,172,Feeding,BSQ
77,172,Feeding,BSQ
79,172,Feeding,BSQ
94,172,Feeding,BSQ
86,172,Feeding,BSQ
90,172,Feeding,BSQ
119,172,Feeding,BSQ
136,172,Feeding,BSQ
138,172,Feeding,BSQ
111,175,Feeding,BSQ
114,175,Feeding,BSQ
119,175,Feeding,BSQ
136,175,Feeding,BSQ
138,175,Feeding,BSQ
211,175,Feeding,BSQ
24,176,Feeding,BSQ
25,176,Feeding,BSQ
26,176,Feeding,BSQ
29,176,Feeding,BSQ
34,176,Feeding,BSQ
35,176,Feeding,BSQ
36,176,Feeding,BSQ
37,176,Feeding,BSQ
38,176,Feeding,BSQ
39,176,Feeding,BSQ
40,176,Feeding,BSQ
41,176,Feeding,BSQ
42,176,Feeding,BSQ
43,176,Feeding,BSQ
45,176,Feeding,BSQ
53,176,Feeding,BSQ
75,176,Feeding,BSQ
76,176,Feeding,BSQ
77,176,Feeding,BSQ
79,176,Feeding,BSQ
82,176,Feeding,BSQ
89,176,Feeding,BSQ
91,176,Feeding,BSQ
96,176,Feeding,BSQ
97,176,Feeding,BSQ
98,176,Feeding,BSQ
101,176,Feeding,BSQ
103,176,Feeding,BSQ
105,176,Feeding,BSQ
107,176,Feeding,BSQ
108,176,Feeding,BSQ
94,176,Feeding,BSQ
94,176,Feeding,BSQ
119,176,Feeding,BSQ
121,176,Feeding,BSQ
136,176,Feeding,BSQ
138,176,Feeding,BSQ
24,178,Feeding,BSQ
25,178,Feeding,BSQ
26,178,Feeding,BSQ
29,178,Feeding,BSQ
34,178,Feeding,BSQ
35,178,Feeding,BSQ
36,178,Feeding,BSQ
37,178,Feeding,BSQ
38,178,Feeding,BSQ
39,178,Feeding,BSQ
40,178,Feeding,BSQ
41,178,Feeding,BSQ
42,178,Feeding,BSQ
43,178,Feeding,BSQ
45,178,Feeding,BSQ
53,178,Feeding,BSQ
77,178,Feeding,BSQ
79,178,Feeding,BSQ
88,178,Feeding,BSQ
91,178,Feeding,BSQ
94,178,Feeding,BSQ
96,178,Feeding,BSQ
97,178,Feeding,BSQ
98,178,Feeding,BSQ
100,178,Feeding,BSQ
101,178,Feeding,BSQ
103,178,Feeding,BSQ
105,178,Feeding,BSQ
107,178,Feeding,BSQ
109,178,Feeding,BSQ
94,178,Feeding,BSQ
94,178,Feeding,BSQ
121,178,Feeding,BSQ
4,179,Feeding,BSQ
7,179,Feeding,BSQ
8,179,Feeding,BSQ
10,179,Feeding,BSQ
11,179,Feeding,BSQ
14,179,Feeding,BSQ
15,179,Feeding,BSQ
16,179,Feeding,BSQ
17,179,Feeding,BSQ
18,179,Feeding,BSQ
19,179,Feeding,BSQ
20,179,Feeding,BSQ
48,179,Feeding,BSQ
75,179,Feeding,BSQ
91,179,Feeding,BSQ
96,179,Feeding,BSQ
97,179,Feeding,BSQ
98,179,Feeding,BSQ
101,179,Feeding,BSQ
105,179,Feeding,BSQ
107,179,Feeding,BSQ
86,179,Feeding,BSQ
90,179,Feeding,BSQ
94,179,Feeding,BSQ
94,179,Feeding,BSQ
24,181,Feeding,BSQ
25,181,Feeding,BSQ
26,181,Feeding,BSQ
29,181,Feeding,BSQ
34,181,Feeding,BSQ
35,181,Feeding,BSQ
36,181,Feeding,BSQ
37,181,Feeding,BSQ
38,181,Feeding,BSQ
39,181,Feeding,BSQ
40,181,Feeding,BSQ
41,181,Feeding,BSQ
42,181,Feeding,BSQ
43,181,Feeding,BSQ
45,181,Feeding,BSQ
53,181,Feeding,BSQ
82,181,Feeding,BSQ
88,181,Feeding,BSQ
89,181,Feeding,BSQ
91,181,Feeding,BSQ
96,181,Feeding,BSQ
97,181,Feeding,BSQ
98,181,Feeding,BSQ
101,181,Feeding,BSQ
103,181,Feeding,BSQ
105,181,Feeding,BSQ
107,181,Feeding,BSQ
108,181,Feeding,BSQ
109,181,Feeding,BSQ
114,181,Feeding,BSQ
119,181,Feeding,BSQ
136,181,Feeding,BSQ
138,181,Feeding,BSQ
4,185,Feeding,BSQ
7,185,Feeding,BSQ
8,185,Feeding,BSQ
10,185,Feeding,BSQ
11,185,Feeding,BSQ
14,185,Feeding,BSQ
15,185,Feeding,BSQ
16,185,Feeding,BSQ
17,185,Feeding,BSQ
18,185,Feeding,BSQ
19,185,Feeding,BSQ
20,185,Feeding,BSQ
48,185,Feeding,BSQ
75,185,Feeding,BSQ
91,185,Feeding,BSQ
96,185,Feeding,BSQ
97,185,Feeding,BSQ
98,185,Feeding,BSQ
101,185,Feeding,BSQ
105,185,Feeding,BSQ
107,185,Feeding,BSQ
86,185,Feeding,BSQ
90,185,Feeding,BSQ
94,185,Feeding,BSQ
94,185,Feeding,BSQ
118,186,Feeding,BSQ
121,186,Feeding,BSQ
122,186,Feeding,BSQ
125,186,Feeding,BSQ
128,186,Feeding,BSQ
91,187,Feeding,BSQ
96,187,Feeding,BSQ
97,187,Feeding,BSQ
98,187,Feeding,BSQ
101,187,Feeding,BSQ
105,187,Feeding,BSQ
107,187,Feeding,BSQ
114,187,Feeding,BSQ
118,187,Feeding,BSQ
119,187,Feeding,BSQ
121,187,Feeding,BSQ
122,187,Feeding,BSQ
125,187,Feeding,BSQ
136,187,Feeding,BSQ
138,187,Feeding,BSQ
88,188,Feeding,BSQ
94,188,Feeding,BSQ
109,188,Feeding,BSQ
66,189,Feeding,BSQ
114,189,Feeding,BSQ
118,189,Feeding,BSQ
118,190,Feeding,BSQ
119,190,Feeding,BSQ
121,190,Feeding,BSQ
122,190,Feeding,BSQ
125,190,Feeding,BSQ
128,190,Feeding,BSQ
136,190,Feeding,BSQ
138,190,Feeding,BSQ
114,191,Feeding,BSQ
118,191,Feeding,BSQ
119,191,Feeding,BSQ
121,191,Feeding,BSQ
122,191,Feeding,BSQ
125,191,Feeding,BSQ
136,191,Feeding,BSQ
138,191,Feeding,BSQ
24,192,Feeding,BSQ
25,192,Feeding,BSQ
26,192,Feeding,BSQ
29,192,Feeding,BSQ
34,192,Feeding,BSQ
35,192,Feeding,BSQ
36,192,Feeding,BSQ
37,192,Feeding,BSQ
38,192,Feeding,BSQ
39,192,Feeding,BSQ
40,192,Feeding,BSQ
41,192,Feeding,BSQ
42,192,Feeding,BSQ
43,192,Feeding,BSQ
45,192,Feeding,BSQ
53,192,Feeding,BSQ
77,192,Feeding,BSQ
79,192,Feeding,BSQ
88,192,Feeding,BSQ
89,192,Feeding,BSQ
91,192,Feeding,BSQ
96,192,Feeding,BSQ
97,192,Feeding,BSQ
98,192,Feeding,BSQ
101,192,Feeding,BSQ
105,192,Feeding,BSQ
107,192,Feeding,BSQ
108,192,Feeding,BSQ
109,192,Feeding,BSQ
121,192,Feeding,BSQ
118,193,Feeding,BSQ
119,193,Feeding,BSQ
121,193,Feeding,BSQ
136,193,Feeding,BSQ
138,193,Feeding,BSQ
24,196,Feeding,BSQ
25,196,Feeding,BSQ
26,196,Feeding,BSQ
29,196,Feeding,BSQ
34,196,Feeding,BSQ
35,196,Feeding,BSQ
36,196,Feeding,BSQ
37,196,Feeding,BSQ
38,196,Feeding,BSQ
39,196,Feeding,BSQ
40,196,Feeding,BSQ
41,196,Feeding,BSQ
42,196,Feeding,BSQ
43,196,Feeding,BSQ
45,196,Feeding,BSQ
53,196,Feeding,BSQ
75,196,Feeding,BSQ
76,196,Feeding,BSQ
77,196,Feeding,BSQ
79,196,Feeding,BSQ
82,196,Feeding,BSQ
89,196,Feeding,BSQ
91,196,Feeding,BSQ
96,196,Feeding,BSQ
97,196,Feeding,BSQ
98,196,Feeding,BSQ
101,196,Feeding,BSQ
103,196,Feeding,BSQ
105,196,Feeding,BSQ
107,196,Feeding,BSQ
108,196,Feeding,BSQ
94,196,Feeding,BSQ
94,196,Feeding,BSQ
119,196,Feeding,BSQ
121,196,Feeding,BSQ
136,196,Feeding,BSQ
138,196,Feeding,BSQ
94,198,Feeding,BSQ
114,198,Feeding,BSQ
118,198,Feeding,BSQ
119,198,Feeding,BSQ
121,198,Feeding,BSQ
122,198,Feeding,BSQ
125,198,Feeding,BSQ
136,198,Feeding,BSQ
138,198,Feeding,BSQ
94,203,Feeding,BSQ
114,203,Feeding,BSQ
118,203,Feeding,BSQ
119,203,Feeding,BSQ
121,203,Feeding,BSQ
122,203,Feeding,BSQ
125,203,Feeding,BSQ
136,203,Feeding,BSQ
138,203,Feeding,BSQ
66,206,Feeding,BSQ
114,206,Feeding,BSQ
118,206,Feeding,BSQ
6,207,Feeding,BSQ
24,207,Feeding,BSQ
25,207,Feeding,BSQ
26,207,Feeding,BSQ
29,207,Feeding,BSQ
34,207,Feeding,BSQ
35,207,Feeding,BSQ
36,207,Feeding,BSQ
37,207,Feeding,BSQ
38,207,Feeding,BSQ
39,207,Feeding,BSQ
40,207,Feeding,BSQ
41,207,Feeding,BSQ
42,207,Feeding,BSQ
43,207,Feeding,BSQ
45,207,Feeding,BSQ
53,207,Feeding,BSQ
75,207,Feeding,BSQ
77,207,Feeding,BSQ
79,207,Feeding,BSQ
89,207,Feeding,BSQ
94,207,Feeding,BSQ
103,207,Feeding,BSQ
108,207,Feeding,BSQ
82,208,Feeding,BSQ
114,208,Feeding,BSQ
24,209,Feeding,BSQ
25,209,Feeding,BSQ
26,209,Feeding,BSQ
29,209,Feeding,BSQ
34,209,Feeding,BSQ
35,209,Feeding,BSQ
36,209,Feeding,BSQ
37,209,Feeding,BSQ
38,209,Feeding,BSQ
39,209,Feeding,BSQ
40,209,Feeding,BSQ
41,209,Feeding,BSQ
42,209,Feeding,BSQ
43,209,Feeding,BSQ
45,209,Feeding,BSQ
53,209,Feeding,BSQ
66,209,Feeding,BSQ
77,209,Feeding,BSQ
79,209,Feeding,BSQ
88,209,Feeding,BSQ
89,209,Feeding,BSQ
91,209,Feeding,BSQ
96,209,Feeding,BSQ
97,209,Feeding,BSQ
98,209,Feeding,BSQ
101,209,Feeding,BSQ
103,209,Feeding,BSQ
105,209,Feeding,BSQ
107,209,Feeding,BSQ
108,209,Feeding,BSQ
109,209,Feeding,BSQ
86,209,Feeding,BSQ
90,209,Feeding,BSQ
94,209,Feeding,BSQ
94,209,Feeding,BSQ
111,209,Feeding,BSQ
114,209,Feeding,BSQ
119,209,Feeding,BSQ
136,209,Feeding,BSQ
138,209,Feeding,BSQ
211,209,Feeding,BSQ
111,211,Feeding,BSQ
6,21,Feeding,CSM
12,25,Feeding,CSM
12,44,Feeding,CSM
122,47,Feeding,CSM
127,47,Feeding,CSM
113,50,Feeding,CSM
25,51,Feeding,CSM
35,51,Feeding,CSM
44,51,Feeding,CSM
25,53,Feeding,CSM
35,53,Feeding,CSM
44,53,Feeding,CSM
12,61,Feeding,CSM
6,64,Feeding,CSM
12,64,Feeding,CSM
6,65,Feeding,CSM
12,65,Feeding,CSM
25,65,Feeding,CSM
44,65,Feeding,CSM
61,65,Feeding,CSM
64,65,Feeding,CSM
65,65,Feeding,CSM
66,65,Feeding,CSM
67,65,Feeding,CSM
68,65,Feeding,CSM
70,65,Feeding,CSM
71,65,Feeding,CSM
72,65,Feeding,CSM
73,65,Feeding,CSM
12,66,Feeding,CSM
6,67,Feeding,CSM
12,67,Feeding,CSM
25,67,Feeding,CSM
44,67,Feeding,CSM
61,67,Feeding,CSM
64,67,Feeding,CSM
65,67,Feeding,CSM
66,67,Feeding,CSM
67,67,Feeding,CSM
68,67,Feeding,CSM
70,67,Feeding,CSM
71,67,Feeding,CSM
72,67,Feeding,CSM
73,67,Feeding,CSM
6,68,Feeding,CSM
12,68,Feeding,CSM
6,70,Feeding,CSM
12,70,Feeding,CSM
25,70,Feeding,CSM
44,70,Feeding,CSM
61,70,Feeding,CSM
64,70,Feeding,CSM
65,70,Feeding,CSM
66,70,Feeding,CSM
67,70,Feeding,CSM
68,70,Feeding,CSM
70,70,Feeding,CSM
71,70,Feeding,CSM
72,70,Feeding,CSM
73,70,Feeding,CSM
12,71,Feeding,CSM
25,71,Feeding,CSM
44,71,Feeding,CSM
61,71,Feeding,CSM
64,71,Feeding,CSM
65,71,Feeding,CSM
66,71,Feeding,CSM
67,71,Feeding,CSM
68,71,Feeding,CSM
70,71,Feeding,CSM
71,71,Feeding,CSM
72,71,Feeding,CSM
73,71,Feeding,CSM
12,72,Feeding,CSM
25,72,Feeding,CSM
44,72,Feeding,CSM
61,72,Feeding,CSM
64,72,Feeding,CSM
65,72,Feeding,CSM
66,72,Feeding,CSM
67,72,Feeding,CSM
68,72,Feeding,CSM
70,72,Feeding,CSM
71,72,Feeding,CSM
72,72,Feeding,CSM
73,72,Feeding,CSM
12,73,Feeding,CSM
12,61,Feeding,CSM
12,64,Feeding,CSM
12,65,Feeding,CSM
12,66,Feeding,CSM
12,67,Feeding,CSM
12,68,Feeding,CSM
12,70,Feeding,CSM
12,71,Feeding,CSM
12,72,Feeding,CSM
12,73,Feeding,CSM
6,75,Feeding,CSM
6,79,Feeding,CSM
141,86,Feeding,CSM
143,86,Feeding,CSM
144,86,Feeding,CSM
145,86,Feeding,CSM
146,86,Feeding,CSM
147,86,Feeding,CSM
148,86,Feeding,CSM
151,86,Feeding,CSM
154,86,Feeding,CSM
155,86,Feeding,CSM
157,86,Feeding,CSM
158,86,Feeding,CSM
159,86,Feeding,CSM
161,86,Feeding,CSM
163,86,Feeding,CSM
164,86,Feeding,CSM
168,86,Feeding,CSM
169,86,Feeding,CSM
170,86,Feeding,CSM
172,86,Feeding,CSM
173,86,Feeding,CSM
174,86,Feeding,CSM
175,86,Feeding,CSM
176,86,Feeding,CSM
177,86,Feeding,CSM
178,86,Feeding,CSM
181,86,Feeding,CSM
182,86,Feeding,CSM
183,86,Feeding,CSM
187,86,Feeding,CSM
189,86,Feeding,CSM
190,86,Feeding,CSM
194,86,Feeding,CSM
197,86,Feeding,CSM
198,86,Feeding,CSM
201,86,Feeding,CSM
202,86,Feeding,CSM
204,86,Feeding,CSM
205,86,Feeding,CSM
207,86,Feeding,CSM
208,86,Feeding,CSM
209,86,Feeding,CSM
210,86,Feeding,CSM
118,87,Feeding,CSM
121,87,Feeding,CSM
141,90,Feeding,CSM
143,90,Feeding,CSM
144,90,Feeding,CSM
145,90,Feeding,CSM
146,90,Feeding,CSM
147,90,Feeding,CSM
148,90,Feeding,CSM
151,90,Feeding,CSM
154,90,Feeding,CSM
155,90,Feeding,CSM
157,90,Feeding,CSM
158,90,Feeding,CSM
159,90,Feeding,CSM
161,90,Feeding,CSM
163,90,Feeding,CSM
164,90,Feeding,CSM
168,90,Feeding,CSM
169,90,Feeding,CSM
170,90,Feeding,CSM
172,90,Feeding,CSM
173,90,Feeding,CSM
174,90,Feeding,CSM
175,90,Feeding,CSM
176,90,Feeding,CSM
177,90,Feeding,CSM
178,90,Feeding,CSM
181,90,Feeding,CSM
182,90,Feeding,CSM
183,90,Feeding,CSM
187,90,Feeding,CSM
189,90,Feeding,CSM
190,90,Feeding,CSM
194,90,Feeding,CSM
197,90,Feeding,CSM
198,90,Feeding,CSM
201,90,Feeding,CSM
202,90,Feeding,CSM
204,90,Feeding,CSM
205,90,Feeding,CSM
207,90,Feeding,CSM
208,90,Feeding,CSM
209,90,Feeding,CSM
210,90,Feeding,CSM
12,92,Feeding,CSM
6,94,Feeding,CSM
6,99,Feeding,CSM
10,99,Feeding,CSM
12,104,Feeding,CSM
93,106,Feeding,CSM
94,106,Feeding,CSM
102,106,Feeding,CSM
106,106,Feeding,CSM
109,106,Feeding,CSM
6,110,Feeding,CSM
6,94,Feeding,CSM
12,111,Feeding,CSM
12,112,Feeding,CSM
21,112,Feeding,CSM
25,112,Feeding,CSM
44,112,Feeding,CSM
61,112,Feeding,CSM
64,112,Feeding,CSM
65,112,Feeding,CSM
66,112,Feeding,CSM
67,112,Feeding,CSM
68,112,Feeding,CSM
70,112,Feeding,CSM
71,112,Feeding,CSM
72,112,Feeding,CSM
73,112,Feeding,CSM
92,112,Feeding,CSM
104,112,Feeding,CSM
6,113,Feeding,CSM
10,113,Feeding,CSM
25,113,Feeding,CSM
35,113,Feeding,CSM
44,113,Feeding,CSM
51,113,Feeding,CSM
53,113,Feeding,CSM
61,113,Feeding,CSM
64,113,Feeding,CSM
65,113,Feeding,CSM
66,113,Feeding,CSM
67,113,Feeding,CSM
68,113,Feeding,CSM
70,113,Feeding,CSM
71,113,Feeding,CSM
72,113,Feeding,CSM
73,113,Feeding,CSM
75,113,Feeding,CSM
93,113,Feeding,CSM
94,113,Feeding,CSM
93,113,Feeding,CSM
94,113,Feeding,CSM
6,114,Feeding,CSM
10,114,Feeding,CSM
16,114,Feeding,CSM
25,114,Feeding,CSM
35,114,Feeding,CSM
44,114,Feeding,CSM
50,114,Feeding,CSM
51,114,Feeding,CSM
53,114,Feeding,CSM
61,114,Feeding,CSM
64,114,Feeding,CSM
65,114,Feeding,CSM
66,114,Feeding,CSM
67,114,Feeding,CSM
68,114,Feeding,CSM
70,114,Feeding,CSM
71,114,Feeding,CSM
72,114,Feeding,CSM
73,114,Feeding,CSM
75,114,Feeding,CSM
79,114,Feeding,CSM
82,114,Feeding,CSM
99,114,Feeding,CSM
93,114,Feeding,CSM
94,114,Feeding,CSM
94,114,Feeding,CSM
113,114,Feeding,CSM
115,114,Feeding,CSM
213,114,Feeding,CSM
6,115,Feeding,CSM
10,115,Feeding,CSM
50,116,Feeding,CSM
89,116,Feeding,CSM
99,116,Feeding,CSM
100,116,Feeding,CSM
113,116,Feeding,CSM
114,116,Feeding,CSM
119,116,Feeding,CSM
122,116,Feeding,CSM
127,116,Feeding,CSM
10,118,Feeding,CSM
21,118,Feeding,CSM
25,118,Feeding,CSM
44,118,Feeding,CSM
61,118,Feeding,CSM
64,118,Feeding,CSM
65,118,Feeding,CSM
66,118,Feeding,CSM
67,118,Feeding,CSM
68,118,Feeding,CSM
70,118,Feeding,CSM
71,118,Feeding,CSM
72,118,Feeding,CSM
73,118,Feeding,CSM
92,118,Feeding,CSM
104,118,Feeding,CSM
21,119,Feeding,CSM
25,119,Feeding,CSM
44,119,Feeding,CSM
61,119,Feeding,CSM
64,119,Feeding,CSM
65,119,Feeding,CSM
66,119,Feeding,CSM
67,119,Feeding,CSM
68,119,Feeding,CSM
70,119,Feeding,CSM
71,119,Feeding,CSM
72,119,Feeding,CSM
73,119,Feeding,CSM
89,119,Feeding,CSM
99,119,Feeding,CSM
100,119,Feeding,CSM
104,119,Feeding,CSM
110,119,Feeding,CSM
89,120,Feeding,CSM
99,120,Feeding,CSM
100,120,Feeding,CSM
10,121,Feeding,CSM
25,121,Feeding,CSM
35,121,Feeding,CSM
44,121,Feeding,CSM
25,121,Feeding,CSM
44,121,Feeding,CSM
51,121,Feeding,CSM
53,121,Feeding,CSM
61,121,Feeding,CSM
64,121,Feeding,CSM
65,121,Feeding,CSM
66,121,Feeding,CSM
67,121,Feeding,CSM
68,121,Feeding,CSM
70,121,Feeding,CSM
71,121,Feeding,CSM
72,121,Feeding,CSM
73,121,Feeding,CSM
75,121,Feeding,CSM
76,121,Feeding,CSM
89,121,Feeding,CSM
92,121,Feeding,CSM
99,121,Feeding,CSM
100,121,Feeding,CSM
104,121,Feeding,CSM
110,121,Feeding,CSM
86,121,Feeding,CSM
90,121,Feeding,CSM
93,121,Feeding,CSM
94,121,Feeding,CSM
10,122,Feeding,CSM
50,122,Feeding,CSM
89,122,Feeding,CSM
99,122,Feeding,CSM
100,122,Feeding,CSM
102,122,Feeding,CSM
109,122,Feeding,CSM
110,122,Feeding,CSM
93,122,Feeding,CSM
94,122,Feeding,CSM
94,122,Feeding,CSM
111,122,Feeding,CSM
112,122,Feeding,CSM
113,122,Feeding,CSM
114,122,Feeding,CSM
115,122,Feeding,CSM
119,122,Feeding,CSM
120,122,Feeding,CSM
121,122,Feeding,CSM
211,122,Feeding,CSM
44,125,Feeding,CSM
50,125,Feeding,CSM
53,125,Feeding,CSM
64,125,Feeding,CSM
65,125,Feeding,CSM
67,125,Feeding,CSM
68,125,Feeding,CSM
70,125,Feeding,CSM
71,125,Feeding,CSM
72,125,Feeding,CSM
73,125,Feeding,CSM
89,125,Feeding,CSM
99,125,Feeding,CSM
100,125,Feeding,CSM
102,125,Feeding,CSM
109,125,Feeding,CSM
111,125,Feeding,CSM
112,125,Feeding,CSM
113,125,Feeding,CSM
114,125,Feeding,CSM
115,125,Feeding,CSM
119,125,Feeding,CSM
120,125,Feeding,CSM
121,125,Feeding,CSM
211,125,Feeding,CSM
50,127,Feeding,CSM
89,127,Feeding,CSM
99,127,Feeding,CSM
102,127,Feeding,CSM
109,127,Feeding,CSM
111,127,Feeding,CSM
112,127,Feeding,CSM
113,127,Feeding,CSM
114,127,Feeding,CSM
115,127,Feeding,CSM
119,127,Feeding,CSM
120,127,Feeding,CSM
121,127,Feeding,CSM
211,127,Feeding,CSM
50,132,Feeding,CSM
89,132,Feeding,CSM
99,132,Feeding,CSM
102,132,Feeding,CSM
109,132,Feeding,CSM
113,132,Feeding,CSM
114,132,Feeding,CSM
116,132,Feeding,CSM
119,132,Feeding,CSM
120,132,Feeding,CSM
121,132,Feeding,CSM
125,132,Feeding,CSM
132,132,Feeding,CSM
50,139,Feeding,CSM
64,139,Feeding,CSM
65,139,Feeding,CSM
67,139,Feeding,CSM
68,139,Feeding,CSM
70,139,Feeding,CSM
71,139,Feeding,CSM
72,139,Feeding,CSM
73,139,Feeding,CSM
111,139,Feeding,CSM
112,139,Feeding,CSM
113,139,Feeding,CSM
114,139,Feeding,CSM
115,139,Feeding,CSM
118,139,Feeding,CSM
119,139,Feeding,CSM
120,139,Feeding,CSM
121,139,Feeding,CSM
122,139,Feeding,CSM
125,139,Feeding,CSM
127,139,Feeding,CSM
132,139,Feeding,CSM
211,139,Feeding,CSM
50,140,Feeding,CSM
64,140,Feeding,CSM
65,140,Feeding,CSM
67,140,Feeding,CSM
68,140,Feeding,CSM
70,140,Feeding,CSM
71,140,Feeding,CSM
72,140,Feeding,CSM
73,140,Feeding,CSM
111,140,Feeding,CSM
112,140,Feeding,CSM
113,140,Feeding,CSM
114,140,Feeding,CSM
115,140,Feeding,CSM
119,140,Feeding,CSM
211,140,Feeding,CSM
25,141,Feeding,CSM
35,141,Feeding,CSM
44,141,Feeding,CSM
51,141,Feeding,CSM
53,141,Feeding,CSM
79,141,Feeding,CSM
93,141,Feeding,CSM
94,141,Feeding,CSM
110,141,Feeding,CSM
86,141,Feeding,CSM
90,141,Feeding,CSM
119,141,Feeding,CSM
121,141,Feeding,CSM
5,143,Feeding,CSM
7,143,Feeding,CSM
8,143,Feeding,CSM
9,143,Feeding,CSM
10,143,Feeding,CSM
11,143,Feeding,CSM
16,143,Feeding,CSM
64,143,Feeding,CSM
65,143,Feeding,CSM
67,143,Feeding,CSM
99,143,Feeding,CSM
212,143,Feeding,CSM
213,143,Feeding,CSM
50,144,Feeding,CSM
64,144,Feeding,CSM
65,144,Feeding,CSM
67,144,Feeding,CSM
68,144,Feeding,CSM
70,144,Feeding,CSM
71,144,Feeding,CSM
72,144,Feeding,CSM
73,144,Feeding,CSM
113,144,Feeding,CSM
114,144,Feeding,CSM
118,144,Feeding,CSM
12,145,Feeding,CSM
16,145,Feeding,CSM
75,145,Feeding,CSM
99,145,Feeding,CSM
86,145,Feeding,CSM
90,145,Feeding,CSM
93,145,Feeding,CSM
94,145,Feeding,CSM
93,145,Feeding,CSM
94,145,Feeding,CSM
213,145,Feeding,CSM
25,146,Feeding,CSM
35,146,Feeding,CSM
44,146,Feeding,CSM
50,146,Feeding,CSM
51,146,Feeding,CSM
53,146,Feeding,CSM
61,146,Feeding,CSM
64,146,Feeding,CSM
65,146,Feeding,CSM
66,146,Feeding,CSM
67,146,Feeding,CSM
68,146,Feeding,CSM
70,146,Feeding,CSM
79,146,Feeding,CSM
89,146,Feeding,CSM
93,146,Feeding,CSM
94,146,Feeding,CSM
99,146,Feeding,CSM
102,146,Feeding,CSM
109,146,Feeding,CSM
113,146,Feeding,CSM
114,146,Feeding,CSM
115,146,Feeding,CSM
119,146,Feeding,CSM
50,147,Feeding,CSM
113,147,Feeding,CSM
114,147,Feeding,CSM
115,147,Feeding,CSM
116,147,Feeding,CSM
118,147,Feeding,CSM
119,147,Feeding,CSM
120,147,Feeding,CSM
121,147,Feeding,CSM
122,147,Feeding,CSM
125,147,Feeding,CSM
127,147,Feeding,CSM
132,147,Feeding,CSM
118,148,Feeding,CSM
120,148,Feeding,CSM
121,148,Feeding,CSM
50,151,Feeding,CSM
64,151,Feeding,CSM
65,151,Feeding,CSM
66,151,Feeding,CSM
67,151,Feeding,CSM
68,151,Feeding,CSM
70,151,Feeding,CSM
71,151,Feeding,CSM
72,151,Feeding,CSM
73,151,Feeding,CSM
113,151,Feeding,CSM
114,151,Feeding,CSM
118,151,Feeding,CSM
50,154,Feeding,CSM
64,154,Feeding,CSM
65,154,Feeding,CSM
66,154,Feeding,CSM
67,154,Feeding,CSM
68,154,Feeding,CSM
70,154,Feeding,CSM
75,154,Feeding,CSM
79,154,Feeding,CSM
99,154,Feeding,CSM
113,154,Feeding,CSM
114,154,Feeding,CSM
115,154,Feeding,CSM
12,155,Feeding,CSM
16,155,Feeding,CSM
75,155,Feeding,CSM
99,155,Feeding,CSM
86,155,Feeding,CSM
90,155,Feeding,CSM
93,155,Feeding,CSM
94,155,Feeding,CSM
93,155,Feeding,CSM
94,155,Feeding,CSM
213,155,Feeding,CSM
50,157,Feeding,CSM
64,157,Feeding,CSM
65,157,Feeding,CSM
66,157,Feeding,CSM
67,157,Feeding,CSM
68,157,Feeding,CSM
70,157,Feeding,CSM
71,157,Feeding,CSM
72,157,Feeding,CSM
73,157,Feeding,CSM
113,157,Feeding,CSM
114,157,Feeding,CSM
118,157,Feeding,CSM
121,157,Feeding,CSM
118,158,Feeding,CSM
119,158,Feeding,CSM
120,158,Feeding,CSM
121,158,Feeding,CSM
12,159,Feeding,CSM
16,159,Feeding,CSM
75,159,Feeding,CSM
99,159,Feeding,CSM
86,159,Feeding,CSM
90,159,Feeding,CSM
93,159,Feeding,CSM
94,159,Feeding,CSM
93,159,Feeding,CSM
94,159,Feeding,CSM
213,159,Feeding,CSM
164,161,Feeding,CSM
178,161,Feeding,CSM
201,161,Feeding,CSM
207,161,Feeding,CSM
116,163,Feeding,CSM
118,163,Feeding,CSM
119,163,Feeding,CSM
120,163,Feeding,CSM
121,163,Feeding,CSM
122,163,Feeding,CSM
125,163,Feeding,CSM
127,163,Feeding,CSM
132,163,Feeding,CSM
25,164,Feeding,CSM
35,164,Feeding,CSM
44,164,Feeding,CSM
51,164,Feeding,CSM
53,164,Feeding,CSM
64,164,Feeding,CSM
65,164,Feeding,CSM
67,164,Feeding,CSM
68,164,Feeding,CSM
70,164,Feeding,CSM
79,164,Feeding,CSM
89,164,Feeding,CSM
99,164,Feeding,CSM
102,164,Feeding,CSM
109,164,Feeding,CSM
120,164,Feeding,CSM
121,164,Feeding,CSM
116,168,Feeding,CSM
118,168,Feeding,CSM
119,168,Feeding,CSM
120,168,Feeding,CSM
121,168,Feeding,CSM
122,168,Feeding,CSM
125,168,Feeding,CSM
127,168,Feeding,CSM
132,168,Feeding,CSM
116,169,Feeding,CSM
118,169,Feeding,CSM
119,169,Feeding,CSM
120,169,Feeding,CSM
121,169,Feeding,CSM
122,169,Feeding,CSM
125,169,Feeding,CSM
127,169,Feeding,CSM
132,169,Feeding,CSM
118,170,Feeding,CSM
119,170,Feeding,CSM
120,170,Feeding,CSM
121,170,Feeding,CSM
25,172,Feeding,CSM
35,172,Feeding,CSM
44,172,Feeding,CSM
51,172,Feeding,CSM
53,172,Feeding,CSM
79,172,Feeding,CSM
93,172,Feeding,CSM
94,172,Feeding,CSM
86,172,Feeding,CSM
90,172,Feeding,CSM
119,172,Feeding,CSM
12,173,Feeding,CSM
16,173,Feeding,CSM
75,173,Feeding,CSM
99,173,Feeding,CSM
86,173,Feeding,CSM
90,173,Feeding,CSM
93,173,Feeding,CSM
94,173,Feeding,CSM
94,173,Feeding,CSM
213,173,Feeding,CSM
93,174,Feeding,CSM
94,174,Feeding,CSM
102,174,Feeding,CSM
109,174,Feeding,CSM
50,175,Feeding,CSM
61,175,Feeding,CSM
71,175,Feeding,CSM
72,175,Feeding,CSM
73,175,Feeding,CSM
111,175,Feeding,CSM
112,175,Feeding,CSM
113,175,Feeding,CSM
114,175,Feeding,CSM
115,175,Feeding,CSM
119,175,Feeding,CSM
211,175,Feeding,CSM
25,176,Feeding,CSM
35,176,Feeding,CSM
44,176,Feeding,CSM
50,176,Feeding,CSM
51,176,Feeding,CSM
53,176,Feeding,CSM
64,176,Feeding,CSM
65,176,Feeding,CSM
67,176,Feeding,CSM
68,176,Feeding,CSM
70,176,Feeding,CSM
71,176,Feeding,CSM
72,176,Feeding,CSM
73,176,Feeding,CSM
75,176,Feeding,CSM
76,176,Feeding,CSM
79,176,Feeding,CSM
82,176,Feeding,CSM
89,176,Feeding,CSM
99,176,Feeding,CSM
93,176,Feeding,CSM
94,176,Feeding,CSM
93,176,Feeding,CSM
94,176,Feeding,CSM
113,176,Feeding,CSM
119,176,Feeding,CSM
121,176,Feeding,CSM
50,177,Feeding,CSM
93,177,Feeding,CSM
94,177,Feeding,CSM
113,177,Feeding,CSM
114,177,Feeding,CSM
115,177,Feeding,CSM
116,177,Feeding,CSM
118,177,Feeding,CSM
119,177,Feeding,CSM
120,177,Feeding,CSM
121,177,Feeding,CSM
122,177,Feeding,CSM
125,177,Feeding,CSM
127,177,Feeding,CSM
132,177,Feeding,CSM
25,178,Feeding,CSM
35,178,Feeding,CSM
44,178,Feeding,CSM
51,178,Feeding,CSM
53,178,Feeding,CSM
64,178,Feeding,CSM
65,178,Feeding,CSM
67,178,Feeding,CSM
79,178,Feeding,CSM
93,178,Feeding,CSM
94,178,Feeding,CSM
99,178,Feeding,CSM
100,178,Feeding,CSM
102,178,Feeding,CSM
109,178,Feeding,CSM
93,178,Feeding,CSM
94,178,Feeding,CSM
93,178,Feeding,CSM
94,178,Feeding,CSM
120,178,Feeding,CSM
121,178,Feeding,CSM
25,181,Feeding,CSM
35,181,Feeding,CSM
44,181,Feeding,CSM
50,181,Feeding,CSM
51,181,Feeding,CSM
53,181,Feeding,CSM
64,181,Feeding,CSM
65,181,Feeding,CSM
67,181,Feeding,CSM
68,181,Feeding,CSM
70,181,Feeding,CSM
82,181,Feeding,CSM
89,181,Feeding,CSM
99,181,Feeding,CSM
102,181,Feeding,CSM
109,181,Feeding,CSM
113,181,Feeding,CSM
114,181,Feeding,CSM
115,181,Feeding,CSM
119,181,Feeding,CSM
5,182,Feeding,CSM
7,182,Feeding,CSM
8,182,Feeding,CSM
9,182,Feeding,CSM
10,182,Feeding,CSM
11,182,Feeding,CSM
16,182,Feeding,CSM
75,182,Feeding,CSM
79,182,Feeding,CSM
99,182,Feeding,CSM
86,182,Feeding,CSM
90,182,Feeding,CSM
93,182,Feeding,CSM
94,182,Feeding,CSM
94,182,Feeding,CSM
212,182,Feeding,CSM
213,182,Feeding,CSM
50,183,Feeding,CSM
64,183,Feeding,CSM
65,183,Feeding,CSM
66,183,Feeding,CSM
67,183,Feeding,CSM
68,183,Feeding,CSM
70,183,Feeding,CSM
71,183,Feeding,CSM
72,183,Feeding,CSM
73,183,Feeding,CSM
113,183,Feeding,CSM
114,183,Feeding,CSM
118,183,Feeding,CSM
50,187,Feeding,CSM
99,187,Feeding,CSM
113,187,Feeding,CSM
114,187,Feeding,CSM
115,187,Feeding,CSM
116,187,Feeding,CSM
118,187,Feeding,CSM
119,187,Feeding,CSM
120,187,Feeding,CSM
121,187,Feeding,CSM
122,187,Feeding,CSM
125,187,Feeding,CSM
127,187,Feeding,CSM
132,187,Feeding,CSM
50,189,Feeding,CSM
64,189,Feeding,CSM
65,189,Feeding,CSM
66,189,Feeding,CSM
67,189,Feeding,CSM
68,189,Feeding,CSM
70,189,Feeding,CSM
71,189,Feeding,CSM
72,189,Feeding,CSM
73,189,Feeding,CSM
113,189,Feeding,CSM
114,189,Feeding,CSM
118,189,Feeding,CSM
116,190,Feeding,CSM
118,190,Feeding,CSM
119,190,Feeding,CSM
120,190,Feeding,CSM
121,190,Feeding,CSM
122,190,Feeding,CSM
125,190,Feeding,CSM
127,190,Feeding,CSM
132,190,Feeding,CSM
5,194,Feeding,CSM
7,194,Feeding,CSM
8,194,Feeding,CSM
10,194,Feeding,CSM
11,194,Feeding,CSM
16,194,Feeding,CSM
21,194,Feeding,CSM
25,194,Feeding,CSM
35,194,Feeding,CSM
44,194,Feeding,CSM
53,194,Feeding,CSM
64,194,Feeding,CSM
65,194,Feeding,CSM
75,194,Feeding,CSM
79,194,Feeding,CSM
89,194,Feeding,CSM
99,194,Feeding,CSM
100,194,Feeding,CSM
86,194,Feeding,CSM
90,194,Feeding,CSM
93,194,Feeding,CSM
94,194,Feeding,CSM
93,194,Feeding,CSM
94,194,Feeding,CSM
213,194,Feeding,CSM
25,197,Feeding,CSM
35,197,Feeding,CSM
44,197,Feeding,CSM
51,197,Feeding,CSM
53,197,Feeding,CSM
64,197,Feeding,CSM
65,197,Feeding,CSM
67,197,Feeding,CSM
89,197,Feeding,CSM
93,197,Feeding,CSM
94,197,Feeding,CSM
50,198,Feeding,CSM
93,198,Feeding,CSM
94,198,Feeding,CSM
113,198,Feeding,CSM
114,198,Feeding,CSM
115,198,Feeding,CSM
116,198,Feeding,CSM
118,198,Feeding,CSM
119,198,Feeding,CSM
120,198,Feeding,CSM
121,198,Feeding,CSM
122,198,Feeding,CSM
125,198,Feeding,CSM
127,198,Feeding,CSM
132,198,Feeding,CSM
25,201,Feeding,CSM
35,201,Feeding,CSM
44,201,Feeding,CSM
50,201,Feeding,CSM
51,201,Feeding,CSM
53,201,Feeding,CSM
61,201,Feeding,CSM
64,201,Feeding,CSM
65,201,Feeding,CSM
67,201,Feeding,CSM
75,201,Feeding,CSM
79,201,Feeding,CSM
89,201,Feeding,CSM
93,201,Feeding,CSM
94,201,Feeding,CSM
113,201,Feeding,CSM
50,202,Feeding,CSM
64,202,Feeding,CSM
65,202,Feeding,CSM
66,202,Feeding,CSM
67,202,Feeding,CSM
68,202,Feeding,CSM
70,202,Feeding,CSM
71,202,Feeding,CSM
72,202,Feeding,CSM
73,202,Feeding,CSM
79,202,Feeding,CSM
99,202,Feeding,CSM
111,202,Feeding,CSM
112,202,Feeding,CSM
113,202,Feeding,CSM
114,202,Feeding,CSM
115,202,Feeding,CSM
211,202,Feeding,CSM
116,205,Feeding,CSM
118,205,Feeding,CSM
119,205,Feeding,CSM
120,205,Feeding,CSM
121,205,Feeding,CSM
122,205,Feeding,CSM
125,205,Feeding,CSM
127,205,Feeding,CSM
132,205,Feeding,CSM
6,207,Feeding,CSM
25,207,Feeding,CSM
35,207,Feeding,CSM
44,207,Feeding,CSM
50,207,Feeding,CSM
51,207,Feeding,CSM
53,207,Feeding,CSM
61,207,Feeding,CSM
64,207,Feeding,CSM
65,207,Feeding,CSM
67,207,Feeding,CSM
75,207,Feeding,CSM
79,207,Feeding,CSM
89,207,Feeding,CSM
93,207,Feeding,CSM
94,207,Feeding,CSM
113,207,Feeding,CSM
50,208,Feeding,CSM
82,208,Feeding,CSM
113,208,Feeding,CSM
114,208,Feeding,CSM
115,208,Feeding,CSM
25,209,Feeding,CSM
35,209,Feeding,CSM
44,209,Feeding,CSM
50,209,Feeding,CSM
51,209,Feeding,CSM
53,209,Feeding,CSM
61,209,Feeding,CSM
64,209,Feeding,CSM
65,209,Feeding,CSM
66,209,Feeding,CSM
67,209,Feeding,CSM
68,209,Feeding,CSM
70,209,Feeding,CSM
71,209,Feeding,CSM
72,209,Feeding,CSM
73,209,Feeding,CSM
79,209,Feeding,CSM
89,209,Feeding,CSM
99,209,Feeding,CSM
102,209,Feeding,CSM
109,209,Feeding,CSM
86,209,Feeding,CSM
90,209,Feeding,CSM
93,209,Feeding,CSM
94,209,Feeding,CSM
93,209,Feeding,CSM
94,209,Feeding,CSM
111,209,Feeding,CSM
112,209,Feeding,CSM
113,209,Feeding,CSM
114,209,Feeding,CSM
115,209,Feeding,CSM
119,209,Feeding,CSM
211,209,Feeding,CSM
50,210,Feeding,CSM
113,210,Feeding,CSM
114,210,Feeding,CSM
115,210,Feeding,CSM
118,210,Feeding,CSM
143,210,Feeding,CSM
174,210,Feeding,CSM
182,210,Feeding,CSM
111,211,Feeding,CSM
5,212,Feeding,CSM
16,212,Feeding,CSM
5,213,Feeding,CSM
7,213,Feeding,CSM
8,213,Feeding,CSM
11,213,Feeding,CSM
16,213,Feeding,CSM
6,21,Feeding,EPB
21,45,Feeding,EPB
22,45,Feeding,EPB
23,45,Feeding,EPB
26,45,Feeding,EPB
27,45,Feeding,EPB
28,45,Feeding,EPB
29,45,Feeding,EPB
30,45,Feeding,EPB
31,45,Feeding,EPB
32,45,Feeding,EPB
33,45,Feeding,EPB
45,45,Feeding,EPB
46,45,Feeding,EPB
59,45,Feeding,EPB
60,45,Feeding,EPB
61,45,Feeding,EPB
62,45,Feeding,EPB
63,45,Feeding,EPB
64,45,Feeding,EPB
68,45,Feeding,EPB
69,45,Feeding,EPB
71,45,Feeding,EPB
73,45,Feeding,EPB
74,45,Feeding,EPB
92,45,Feeding,EPB
100,45,Feeding,EPB
104,45,Feeding,EPB
21,46,Feeding,EPB
22,46,Feeding,EPB
23,46,Feeding,EPB
26,46,Feeding,EPB
27,46,Feeding,EPB
28,46,Feeding,EPB
29,46,Feeding,EPB
30,46,Feeding,EPB
31,46,Feeding,EPB
32,46,Feeding,EPB
33,46,Feeding,EPB
45,46,Feeding,EPB
46,46,Feeding,EPB
59,46,Feeding,EPB
60,46,Feeding,EPB
61,46,Feeding,EPB
62,46,Feeding,EPB
63,46,Feeding,EPB
64,46,Feeding,EPB
68,46,Feeding,EPB
69,46,Feeding,EPB
71,46,Feeding,EPB
73,46,Feeding,EPB
74,46,Feeding,EPB
92,46,Feeding,EPB
100,46,Feeding,EPB
104,46,Feeding,EPB
12,22,Feeding,EPB
12,23,Feeding,EPB
12,26,Feeding,EPB
12,31,Feeding,EPB
12,32,Feeding,EPB
12,45,Feeding,EPB
12,46,Feeding,EPB
122,47,Feeding,EPB
22,48,Feeding,EPB
23,48,Feeding,EPB
26,48,Feeding,EPB
27,48,Feeding,EPB
28,48,Feeding,EPB
29,48,Feeding,EPB
30,48,Feeding,EPB
31,48,Feeding,EPB
32,48,Feeding,EPB
33,48,Feeding,EPB
45,48,Feeding,EPB
46,48,Feeding,EPB
59,48,Feeding,EPB
60,48,Feeding,EPB
61,48,Feeding,EPB
62,48,Feeding,EPB
63,48,Feeding,EPB
64,48,Feeding,EPB
68,48,Feeding,EPB
69,48,Feeding,EPB
71,48,Feeding,EPB
73,48,Feeding,EPB
74,48,Feeding,EPB
92,48,Feeding,EPB
113,50,Feeding,EPB
22,53,Feeding,EPB
23,53,Feeding,EPB
26,53,Feeding,EPB
27,53,Feeding,EPB
28,53,Feeding,EPB
29,53,Feeding,EPB
30,53,Feeding,EPB
31,53,Feeding,EPB
32,53,Feeding,EPB
33,53,Feeding,EPB
35,53,Feeding,EPB
45,53,Feeding,EPB
46,53,Feeding,EPB
6,55,Feeding,EPB
12,55,Feeding,EPB
95,58,Feeding,EPB
100,58,Feeding,EPB
6,59,Feeding,EPB
12,59,Feeding,EPB
22,59,Feeding,EPB
23,59,Feeding,EPB
26,59,Feeding,EPB
27,59,Feeding,EPB
28,59,Feeding,EPB
29,59,Feeding,EPB
30,59,Feeding,EPB
31,59,Feeding,EPB
32,59,Feeding,EPB
33,59,Feeding,EPB
45,59,Feeding,EPB
46,59,Feeding,EPB
59,59,Feeding,EPB
60,59,Feeding,EPB
61,59,Feeding,EPB
62,59,Feeding,EPB
63,59,Feeding,EPB
64,59,Feeding,EPB
68,59,Feeding,EPB
69,59,Feeding,EPB
71,59,Feeding,EPB
73,59,Feeding,EPB
74,59,Feeding,EPB
6,60,Feeding,EPB
12,60,Feeding,EPB
22,60,Feeding,EPB
23,60,Feeding,EPB
26,60,Feeding,EPB
27,60,Feeding,EPB
28,60,Feeding,EPB
29,60,Feeding,EPB
30,60,Feeding,EPB
31,60,Feeding,EPB
32,60,Feeding,EPB
33,60,Feeding,EPB
45,60,Feeding,EPB
46,60,Feeding,EPB
59,60,Feeding,EPB
60,60,Feeding,EPB
61,60,Feeding,EPB
62,60,Feeding,EPB
63,60,Feeding,EPB
64,60,Feeding,EPB
68,60,Feeding,EPB
69,60,Feeding,EPB
71,60,Feeding,EPB
73,60,Feeding,EPB
74,60,Feeding,EPB
12,61,Feeding,EPB
12,62,Feeding,EPB
22,62,Feeding,EPB
23,62,Feeding,EPB
26,62,Feeding,EPB
27,62,Feeding,EPB
28,62,Feeding,EPB
29,62,Feeding,EPB
30,62,Feeding,EPB
31,62,Feeding,EPB
32,62,Feeding,EPB
33,62,Feeding,EPB
45,62,Feeding,EPB
46,62,Feeding,EPB
59,62,Feeding,EPB
60,62,Feeding,EPB
61,62,Feeding,EPB
62,62,Feeding,EPB
63,62,Feeding,EPB
64,62,Feeding,EPB
68,62,Feeding,EPB
69,62,Feeding,EPB
71,62,Feeding,EPB
73,62,Feeding,EPB
74,62,Feeding,EPB
6,63,Feeding,EPB
12,63,Feeding,EPB
22,63,Feeding,EPB
23,63,Feeding,EPB
26,63,Feeding,EPB
27,63,Feeding,EPB
28,63,Feeding,EPB
29,63,Feeding,EPB
30,63,Feeding,EPB
31,63,Feeding,EPB
32,63,Feeding,EPB
33,63,Feeding,EPB
45,63,Feeding,EPB
46,63,Feeding,EPB
59,63,Feeding,EPB
60,63,Feeding,EPB
61,63,Feeding,EPB
62,63,Feeding,EPB
63,63,Feeding,EPB
64,63,Feeding,EPB
68,63,Feeding,EPB
69,63,Feeding,EPB
71,63,Feeding,EPB
73,63,Feeding,EPB
74,63,Feeding,EPB
6,64,Feeding,EPB
12,64,Feeding,EPB
6,68,Feeding,EPB
12,68,Feeding,EPB
6,69,Feeding,EPB
12,69,Feeding,EPB
22,69,Feeding,EPB
23,69,Feeding,EPB
26,69,Feeding,EPB
27,69,Feeding,EPB
28,69,Feeding,EPB
29,69,Feeding,EPB
30,69,Feeding,EPB
31,69,Feeding,EPB
32,69,Feeding,EPB
33,69,Feeding,EPB
45,69,Feeding,EPB
46,69,Feeding,EPB
59,69,Feeding,EPB
60,69,Feeding,EPB
61,69,Feeding,EPB
62,69,Feeding,EPB
63,69,Feeding,EPB
64,69,Feeding,EPB
68,69,Feeding,EPB
69,69,Feeding,EPB
71,69,Feeding,EPB
73,69,Feeding,EPB
74,69,Feeding,EPB
12,71,Feeding,EPB
22,71,Feeding,EPB
23,71,Feeding,EPB
26,71,Feeding,EPB
27,71,Feeding,EPB
28,71,Feeding,EPB
29,71,Feeding,EPB
30,71,Feeding,EPB
31,71,Feeding,EPB
32,71,Feeding,EPB
33,71,Feeding,EPB
45,71,Feeding,EPB
46,71,Feeding,EPB
59,71,Feeding,EPB
60,71,Feeding,EPB
61,71,Feeding,EPB
62,71,Feeding,EPB
63,71,Feeding,EPB
64,71,Feeding,EPB
68,71,Feeding,EPB
69,71,Feeding,EPB
71,71,Feeding,EPB
73,71,Feeding,EPB
74,71,Feeding,EPB
12,73,Feeding,EPB
12,74,Feeding,EPB
22,74,Feeding,EPB
23,74,Feeding,EPB
26,74,Feeding,EPB
27,74,Feeding,EPB
28,74,Feeding,EPB
29,74,Feeding,EPB
30,74,Feeding,EPB
31,74,Feeding,EPB
32,74,Feeding,EPB
33,74,Feeding,EPB
45,74,Feeding,EPB
46,74,Feeding,EPB
59,74,Feeding,EPB
60,74,Feeding,EPB
61,74,Feeding,EPB
62,74,Feeding,EPB
63,74,Feeding,EPB
64,74,Feeding,EPB
68,74,Feeding,EPB
69,74,Feeding,EPB
71,74,Feeding,EPB
73,74,Feeding,EPB
74,74,Feeding,EPB
12,59,Feeding,EPB
12,60,Feeding,EPB
12,61,Feeding,EPB
12,62,Feeding,EPB
12,63,Feeding,EPB
12,64,Feeding,EPB
12,68,Feeding,EPB
12,69,Feeding,EPB
12,71,Feeding,EPB
12,73,Feeding,EPB
12,74,Feeding,EPB
6,75,Feeding,EPB
6,78,Feeding,EPB
10,78,Feeding,EPB
6,79,Feeding,EPB
6,80,Feeding,EPB
10,80,Feeding,EPB
6,81,Feeding,EPB
78,83,Feeding,EPB
59,85,Feeding,EPB
68,85,Feeding,EPB
71,85,Feeding,EPB
73,85,Feeding,EPB
141,86,Feeding,EPB
142,86,Feeding,EPB
145,86,Feeding,EPB
146,86,Feeding,EPB
147,86,Feeding,EPB
149,86,Feeding,EPB
150,86,Feeding,EPB
152,86,Feeding,EPB
153,86,Feeding,EPB
154,86,Feeding,EPB
157,86,Feeding,EPB
158,86,Feeding,EPB
159,86,Feeding,EPB
160,86,Feeding,EPB
164,86,Feeding,EPB
165,86,Feeding,EPB
167,86,Feeding,EPB
168,86,Feeding,EPB
169,86,Feeding,EPB
172,86,Feeding,EPB
173,86,Feeding,EPB
174,86,Feeding,EPB
175,86,Feeding,EPB
178,86,Feeding,EPB
179,86,Feeding,EPB
180,86,Feeding,EPB
181,86,Feeding,EPB
182,86,Feeding,EPB
184,86,Feeding,EPB
186,86,Feeding,EPB
189,86,Feeding,EPB
190,86,Feeding,EPB
191,86,Feeding,EPB
195,86,Feeding,EPB
196,86,Feeding,EPB
197,86,Feeding,EPB
198,86,Feeding,EPB
199,86,Feeding,EPB
200,86,Feeding,EPB
203,86,Feeding,EPB
205,86,Feeding,EPB
206,86,Feeding,EPB
207,86,Feeding,EPB
208,86,Feeding,EPB
209,86,Feeding,EPB
118,87,Feeding,EPB
121,87,Feeding,EPB
141,90,Feeding,EPB
142,90,Feeding,EPB
145,90,Feeding,EPB
146,90,Feeding,EPB
147,90,Feeding,EPB
149,90,Feeding,EPB
150,90,Feeding,EPB
152,90,Feeding,EPB
153,90,Feeding,EPB
154,90,Feeding,EPB
157,90,Feeding,EPB
158,90,Feeding,EPB
159,90,Feeding,EPB
160,90,Feeding,EPB
164,90,Feeding,EPB
165,90,Feeding,EPB
167,90,Feeding,EPB
168,90,Feeding,EPB
169,90,Feeding,EPB
172,90,Feeding,EPB
173,90,Feeding,EPB
174,90,Feeding,EPB
175,90,Feeding,EPB
178,90,Feeding,EPB
179,90,Feeding,EPB
180,90,Feeding,EPB
181,90,Feeding,EPB
182,90,Feeding,EPB
184,90,Feeding,EPB
186,90,Feeding,EPB
189,90,Feeding,EPB
190,90,Feeding,EPB
191,90,Feeding,EPB
195,90,Feeding,EPB
196,90,Feeding,EPB
197,90,Feeding,EPB
198,90,Feeding,EPB
199,90,Feeding,EPB
200,90,Feeding,EPB
203,90,Feeding,EPB
205,90,Feeding,EPB
206,90,Feeding,EPB
207,90,Feeding,EPB
208,90,Feeding,EPB
209,90,Feeding,EPB
12,92,Feeding,EPB
6,94,Feeding,EPB
6,95,Feeding,EPB
10,95,Feeding,EPB
12,104,Feeding,EPB
6,110,Feeding,EPB
6,94,Feeding,EPB
12,111,Feeding,EPB
12,112,Feeding,EPB
21,112,Feeding,EPB
22,112,Feeding,EPB
23,112,Feeding,EPB
26,112,Feeding,EPB
27,112,Feeding,EPB
28,112,Feeding,EPB
29,112,Feeding,EPB
30,112,Feeding,EPB
31,112,Feeding,EPB
32,112,Feeding,EPB
33,112,Feeding,EPB
45,112,Feeding,EPB
46,112,Feeding,EPB
59,112,Feeding,EPB
60,112,Feeding,EPB
61,112,Feeding,EPB
62,112,Feeding,EPB
63,112,Feeding,EPB
64,112,Feeding,EPB
68,112,Feeding,EPB
69,112,Feeding,EPB
71,112,Feeding,EPB
73,112,Feeding,EPB
74,112,Feeding,EPB
92,112,Feeding,EPB
104,112,Feeding,EPB
6,113,Feeding,EPB
10,113,Feeding,EPB
22,113,Feeding,EPB
23,113,Feeding,EPB
26,113,Feeding,EPB
27,113,Feeding,EPB
28,113,Feeding,EPB
29,113,Feeding,EPB
30,113,Feeding,EPB
31,113,Feeding,EPB
32,113,Feeding,EPB
33,113,Feeding,EPB
35,113,Feeding,EPB
45,113,Feeding,EPB
46,113,Feeding,EPB
48,113,Feeding,EPB
53,113,Feeding,EPB
55,113,Feeding,EPB
58,113,Feeding,EPB
59,113,Feeding,EPB
60,113,Feeding,EPB
61,113,Feeding,EPB
62,113,Feeding,EPB
63,113,Feeding,EPB
64,113,Feeding,EPB
68,113,Feeding,EPB
69,113,Feeding,EPB
71,113,Feeding,EPB
73,113,Feeding,EPB
74,113,Feeding,EPB
75,113,Feeding,EPB
78,113,Feeding,EPB
80,113,Feeding,EPB
84,113,Feeding,EPB
85,113,Feeding,EPB
94,113,Feeding,EPB
94,113,Feeding,EPB
6,114,Feeding,EPB
10,114,Feeding,EPB
14,114,Feeding,EPB
16,114,Feeding,EPB
22,114,Feeding,EPB
23,114,Feeding,EPB
26,114,Feeding,EPB
27,114,Feeding,EPB
28,114,Feeding,EPB
29,114,Feeding,EPB
30,114,Feeding,EPB
31,114,Feeding,EPB
32,114,Feeding,EPB
33,114,Feeding,EPB
35,114,Feeding,EPB
45,114,Feeding,EPB
46,114,Feeding,EPB
48,114,Feeding,EPB
50,114,Feeding,EPB
53,114,Feeding,EPB
55,114,Feeding,EPB
58,114,Feeding,EPB
59,114,Feeding,EPB
60,114,Feeding,EPB
61,114,Feeding,EPB
62,114,Feeding,EPB
63,114,Feeding,EPB
64,114,Feeding,EPB
68,114,Feeding,EPB
69,114,Feeding,EPB
71,114,Feeding,EPB
73,114,Feeding,EPB
74,114,Feeding,EPB
75,114,Feeding,EPB
78,114,Feeding,EPB
79,114,Feeding,EPB
80,114,Feeding,EPB
81,114,Feeding,EPB
82,114,Feeding,EPB
83,114,Feeding,EPB
84,114,Feeding,EPB
85,114,Feeding,EPB
95,114,Feeding,EPB
94,114,Feeding,EPB
94,114,Feeding,EPB
113,114,Feeding,EPB
115,114,Feeding,EPB
6,115,Feeding,EPB
10,115,Feeding,EPB
21,117,Feeding,EPB
22,117,Feeding,EPB
23,117,Feeding,EPB
26,117,Feeding,EPB
27,117,Feeding,EPB
28,117,Feeding,EPB
29,117,Feeding,EPB
30,117,Feeding,EPB
31,117,Feeding,EPB
32,117,Feeding,EPB
33,117,Feeding,EPB
45,117,Feeding,EPB
46,117,Feeding,EPB
59,117,Feeding,EPB
60,117,Feeding,EPB
61,117,Feeding,EPB
62,117,Feeding,EPB
63,117,Feeding,EPB
64,117,Feeding,EPB
68,117,Feeding,EPB
69,117,Feeding,EPB
71,117,Feeding,EPB
73,117,Feeding,EPB
74,117,Feeding,EPB
92,117,Feeding,EPB
104,117,Feeding,EPB
10,118,Feeding,EPB
21,118,Feeding,EPB
22,118,Feeding,EPB
23,118,Feeding,EPB
26,118,Feeding,EPB
27,118,Feeding,EPB
28,118,Feeding,EPB
29,118,Feeding,EPB
30,118,Feeding,EPB
31,118,Feeding,EPB
32,118,Feeding,EPB
33,118,Feeding,EPB
45,118,Feeding,EPB
46,118,Feeding,EPB
59,118,Feeding,EPB
60,118,Feeding,EPB
61,118,Feeding,EPB
62,118,Feeding,EPB
63,118,Feeding,EPB
64,118,Feeding,EPB
68,118,Feeding,EPB
69,118,Feeding,EPB
71,118,Feeding,EPB
73,118,Feeding,EPB
74,118,Feeding,EPB
92,118,Feeding,EPB
104,118,Feeding,EPB
21,119,Feeding,EPB
22,119,Feeding,EPB
23,119,Feeding,EPB
26,119,Feeding,EPB
27,119,Feeding,EPB
28,119,Feeding,EPB
29,119,Feeding,EPB
30,119,Feeding,EPB
31,119,Feeding,EPB
32,119,Feeding,EPB
33,119,Feeding,EPB
45,119,Feeding,EPB
46,119,Feeding,EPB
59,119,Feeding,EPB
60,119,Feeding,EPB
61,119,Feeding,EPB
62,119,Feeding,EPB
63,119,Feeding,EPB
64,119,Feeding,EPB
68,119,Feeding,EPB
69,119,Feeding,EPB
71,119,Feeding,EPB
73,119,Feeding,EPB
74,119,Feeding,EPB
95,119,Feeding,EPB
100,119,Feeding,EPB
104,119,Feeding,EPB
110,119,Feeding,EPB
10,121,Feeding,EPB
22,121,Feeding,EPB
23,121,Feeding,EPB
26,121,Feeding,EPB
27,121,Feeding,EPB
28,121,Feeding,EPB
29,121,Feeding,EPB
30,121,Feeding,EPB
31,121,Feeding,EPB
32,121,Feeding,EPB
33,121,Feeding,EPB
35,121,Feeding,EPB
45,121,Feeding,EPB
46,121,Feeding,EPB
22,121,Feeding,EPB
23,121,Feeding,EPB
26,121,Feeding,EPB
27,121,Feeding,EPB
28,121,Feeding,EPB
29,121,Feeding,EPB
30,121,Feeding,EPB
31,121,Feeding,EPB
32,121,Feeding,EPB
33,121,Feeding,EPB
45,121,Feeding,EPB
46,121,Feeding,EPB
53,121,Feeding,EPB
55,121,Feeding,EPB
58,121,Feeding,EPB
59,121,Feeding,EPB
60,121,Feeding,EPB
61,121,Feeding,EPB
62,121,Feeding,EPB
63,121,Feeding,EPB
64,121,Feeding,EPB
68,121,Feeding,EPB
69,121,Feeding,EPB
71,121,Feeding,EPB
73,121,Feeding,EPB
74,121,Feeding,EPB
75,121,Feeding,EPB
76,121,Feeding,EPB
78,121,Feeding,EPB
80,121,Feeding,EPB
84,121,Feeding,EPB
85,121,Feeding,EPB
92,121,Feeding,EPB
95,121,Feeding,EPB
100,121,Feeding,EPB
104,121,Feeding,EPB
110,121,Feeding,EPB
86,121,Feeding,EPB
90,121,Feeding,EPB
94,121,Feeding,EPB
10,122,Feeding,EPB
50,122,Feeding,EPB
95,122,Feeding,EPB
100,122,Feeding,EPB
109,122,Feeding,EPB
110,122,Feeding,EPB
94,122,Feeding,EPB
94,122,Feeding,EPB
111,122,Feeding,EPB
112,122,Feeding,EPB
113,122,Feeding,EPB
114,122,Feeding,EPB
115,122,Feeding,EPB
119,122,Feeding,EPB
121,122,Feeding,EPB
123,122,Feeding,EPB
126,122,Feeding,EPB
136,122,Feeding,EPB
211,122,Feeding,EPB
10,123,Feeding,EPB
95,123,Feeding,EPB
100,123,Feeding,EPB
95,124,Feeding,EPB
100,124,Feeding,EPB
110,124,Feeding,EPB
22,125,Feeding,EPB
23,125,Feeding,EPB
30,125,Feeding,EPB
31,125,Feeding,EPB
32,125,Feeding,EPB
33,125,Feeding,EPB
45,125,Feeding,EPB
46,125,Feeding,EPB
49,125,Feeding,EPB
50,125,Feeding,EPB
53,125,Feeding,EPB
55,125,Feeding,EPB
56,125,Feeding,EPB
58,125,Feeding,EPB
59,125,Feeding,EPB
60,125,Feeding,EPB
63,125,Feeding,EPB
64,125,Feeding,EPB
68,125,Feeding,EPB
69,125,Feeding,EPB
71,125,Feeding,EPB
73,125,Feeding,EPB
95,125,Feeding,EPB
100,125,Feeding,EPB
109,125,Feeding,EPB
111,125,Feeding,EPB
112,125,Feeding,EPB
113,125,Feeding,EPB
114,125,Feeding,EPB
115,125,Feeding,EPB
119,125,Feeding,EPB
121,125,Feeding,EPB
123,125,Feeding,EPB
126,125,Feeding,EPB
136,125,Feeding,EPB
211,125,Feeding,EPB
95,126,Feeding,EPB
100,126,Feeding,EPB
110,126,Feeding,EPB
50,129,Feeding,EPB
59,129,Feeding,EPB
60,129,Feeding,EPB
63,129,Feeding,EPB
64,129,Feeding,EPB
68,129,Feeding,EPB
69,129,Feeding,EPB
71,129,Feeding,EPB
73,129,Feeding,EPB
111,129,Feeding,EPB
112,129,Feeding,EPB
113,129,Feeding,EPB
114,129,Feeding,EPB
115,129,Feeding,EPB
117,129,Feeding,EPB
118,129,Feeding,EPB
119,129,Feeding,EPB
121,129,Feeding,EPB
123,129,Feeding,EPB
125,129,Feeding,EPB
126,129,Feeding,EPB
132,129,Feeding,EPB
135,129,Feeding,EPB
136,129,Feeding,EPB
211,129,Feeding,EPB
50,130,Feeding,EPB
59,130,Feeding,EPB
60,130,Feeding,EPB
63,130,Feeding,EPB
64,130,Feeding,EPB
68,130,Feeding,EPB
69,130,Feeding,EPB
71,130,Feeding,EPB
73,130,Feeding,EPB
111,130,Feeding,EPB
112,130,Feeding,EPB
113,130,Feeding,EPB
114,130,Feeding,EPB
115,130,Feeding,EPB
117,130,Feeding,EPB
118,130,Feeding,EPB
119,130,Feeding,EPB
121,130,Feeding,EPB
123,130,Feeding,EPB
125,130,Feeding,EPB
126,130,Feeding,EPB
132,130,Feeding,EPB
135,130,Feeding,EPB
136,130,Feeding,EPB
211,130,Feeding,EPB
33,131,Feeding,EPB
49,131,Feeding,EPB
50,131,Feeding,EPB
59,131,Feeding,EPB
63,131,Feeding,EPB
64,131,Feeding,EPB
68,131,Feeding,EPB
69,131,Feeding,EPB
71,131,Feeding,EPB
73,131,Feeding,EPB
111,131,Feeding,EPB
112,131,Feeding,EPB
113,131,Feeding,EPB
114,131,Feeding,EPB
115,131,Feeding,EPB
211,131,Feeding,EPB
50,132,Feeding,EPB
95,132,Feeding,EPB
109,132,Feeding,EPB
113,132,Feeding,EPB
114,132,Feeding,EPB
117,132,Feeding,EPB
119,132,Feeding,EPB
121,132,Feeding,EPB
123,132,Feeding,EPB
124,132,Feeding,EPB
125,132,Feeding,EPB
126,132,Feeding,EPB
132,132,Feeding,EPB
133,132,Feeding,EPB
135,132,Feeding,EPB
136,132,Feeding,EPB
30,133,Feeding,EPB
50,133,Feeding,EPB
53,133,Feeding,EPB
56,133,Feeding,EPB
58,133,Feeding,EPB
59,133,Feeding,EPB
60,133,Feeding,EPB
63,133,Feeding,EPB
64,133,Feeding,EPB
68,133,Feeding,EPB
69,133,Feeding,EPB
71,133,Feeding,EPB
73,133,Feeding,EPB
95,133,Feeding,EPB
100,133,Feeding,EPB
109,133,Feeding,EPB
111,133,Feeding,EPB
112,133,Feeding,EPB
113,133,Feeding,EPB
114,133,Feeding,EPB
115,133,Feeding,EPB
119,133,Feeding,EPB
121,133,Feeding,EPB
123,133,Feeding,EPB
126,133,Feeding,EPB
136,133,Feeding,EPB
211,133,Feeding,EPB
33,134,Feeding,EPB
49,134,Feeding,EPB
50,134,Feeding,EPB
59,134,Feeding,EPB
63,134,Feeding,EPB
64,134,Feeding,EPB
68,134,Feeding,EPB
69,134,Feeding,EPB
71,134,Feeding,EPB
73,134,Feeding,EPB
111,134,Feeding,EPB
112,134,Feeding,EPB
113,134,Feeding,EPB
114,134,Feeding,EPB
115,134,Feeding,EPB
211,134,Feeding,EPB
50,135,Feeding,EPB
95,135,Feeding,EPB
100,135,Feeding,EPB
113,135,Feeding,EPB
114,135,Feeding,EPB
119,135,Feeding,EPB
122,135,Feeding,EPB
126,135,Feeding,EPB
136,135,Feeding,EPB
22,136,Feeding,EPB
23,136,Feeding,EPB
31,136,Feeding,EPB
32,136,Feeding,EPB
33,136,Feeding,EPB
95,136,Feeding,EPB
100,136,Feeding,EPB
110,136,Feeding,EPB
50,137,Feeding,EPB
59,137,Feeding,EPB
63,137,Feeding,EPB
64,137,Feeding,EPB
68,137,Feeding,EPB
69,137,Feeding,EPB
71,137,Feeding,EPB
73,137,Feeding,EPB
111,137,Feeding,EPB
112,137,Feeding,EPB
113,137,Feeding,EPB
114,137,Feeding,EPB
115,137,Feeding,EPB
119,137,Feeding,EPB
126,137,Feeding,EPB
136,137,Feeding,EPB
211,137,Feeding,EPB
50,140,Feeding,EPB
59,140,Feeding,EPB
63,140,Feeding,EPB
64,140,Feeding,EPB
68,140,Feeding,EPB
69,140,Feeding,EPB
71,140,Feeding,EPB
73,140,Feeding,EPB
111,140,Feeding,EPB
112,140,Feeding,EPB
113,140,Feeding,EPB
114,140,Feeding,EPB
115,140,Feeding,EPB
119,140,Feeding,EPB
126,140,Feeding,EPB
136,140,Feeding,EPB
211,140,Feeding,EPB
22,141,Feeding,EPB
23,141,Feeding,EPB
26,141,Feeding,EPB
27,141,Feeding,EPB
28,141,Feeding,EPB
29,141,Feeding,EPB
30,141,Feeding,EPB
31,141,Feeding,EPB
32,141,Feeding,EPB
33,141,Feeding,EPB
35,141,Feeding,EPB
45,141,Feeding,EPB
46,141,Feeding,EPB
53,141,Feeding,EPB
55,141,Feeding,EPB
58,141,Feeding,EPB
79,141,Feeding,EPB
81,141,Feeding,EPB
83,141,Feeding,EPB
94,141,Feeding,EPB
110,141,Feeding,EPB
86,141,Feeding,EPB
90,141,Feeding,EPB
119,141,Feeding,EPB
121,141,Feeding,EPB
126,141,Feeding,EPB
136,141,Feeding,EPB
50,142,Feeding,EPB
94,142,Feeding,EPB
113,142,Feeding,EPB
114,142,Feeding,EPB
115,142,Feeding,EPB
117,142,Feeding,EPB
118,142,Feeding,EPB
119,142,Feeding,EPB
121,142,Feeding,EPB
122,142,Feeding,EPB
123,142,Feeding,EPB
124,142,Feeding,EPB
125,142,Feeding,EPB
126,142,Feeding,EPB
132,142,Feeding,EPB
135,142,Feeding,EPB
136,142,Feeding,EPB
12,145,Feeding,EPB
14,145,Feeding,EPB
16,145,Feeding,EPB
75,145,Feeding,EPB
78,145,Feeding,EPB
80,145,Feeding,EPB
84,145,Feeding,EPB
85,145,Feeding,EPB
95,145,Feeding,EPB
86,145,Feeding,EPB
90,145,Feeding,EPB
94,145,Feeding,EPB
94,145,Feeding,EPB
22,146,Feeding,EPB
23,146,Feeding,EPB
26,146,Feeding,EPB
27,146,Feeding,EPB
28,146,Feeding,EPB
29,146,Feeding,EPB
30,146,Feeding,EPB
31,146,Feeding,EPB
32,146,Feeding,EPB
33,146,Feeding,EPB
35,146,Feeding,EPB
45,146,Feeding,EPB
46,146,Feeding,EPB
50,146,Feeding,EPB
53,146,Feeding,EPB
55,146,Feeding,EPB
58,146,Feeding,EPB
59,146,Feeding,EPB
60,146,Feeding,EPB
61,146,Feeding,EPB
62,146,Feeding,EPB
63,146,Feeding,EPB
64,146,Feeding,EPB
68,146,Feeding,EPB
69,146,Feeding,EPB
74,146,Feeding,EPB
79,146,Feeding,EPB
81,146,Feeding,EPB
83,146,Feeding,EPB
94,146,Feeding,EPB
95,146,Feeding,EPB
109,146,Feeding,EPB
113,146,Feeding,EPB
114,146,Feeding,EPB
115,146,Feeding,EPB
119,146,Feeding,EPB
126,146,Feeding,EPB
136,146,Feeding,EPB
50,147,Feeding,EPB
113,147,Feeding,EPB
114,147,Feeding,EPB
115,147,Feeding,EPB
117,147,Feeding,EPB
118,147,Feeding,EPB
119,147,Feeding,EPB
121,147,Feeding,EPB
122,147,Feeding,EPB
123,147,Feeding,EPB
124,147,Feeding,EPB
125,147,Feeding,EPB
126,147,Feeding,EPB
132,147,Feeding,EPB
135,147,Feeding,EPB
136,147,Feeding,EPB
117,149,Feeding,EPB
118,149,Feeding,EPB
119,149,Feeding,EPB
121,149,Feeding,EPB
123,149,Feeding,EPB
126,149,Feeding,EPB
136,149,Feeding,EPB
50,150,Feeding,EPB
75,150,Feeding,EPB
78,150,Feeding,EPB
79,150,Feeding,EPB
80,150,Feeding,EPB
81,150,Feeding,EPB
83,150,Feeding,EPB
95,150,Feeding,EPB
109,150,Feeding,EPB
113,150,Feeding,EPB
114,150,Feeding,EPB
115,150,Feeding,EPB
4,152,Feeding,EPB
7,152,Feeding,EPB
8,152,Feeding,EPB
10,152,Feeding,EPB
11,152,Feeding,EPB
14,152,Feeding,EPB
16,152,Feeding,EPB
17,152,Feeding,EPB
48,152,Feeding,EPB
75,152,Feeding,EPB
78,152,Feeding,EPB
80,152,Feeding,EPB
84,152,Feeding,EPB
85,152,Feeding,EPB
95,152,Feeding,EPB
94,152,Feeding,EPB
94,152,Feeding,EPB
117,153,Feeding,EPB
118,153,Feeding,EPB
119,153,Feeding,EPB
121,153,Feeding,EPB
122,153,Feeding,EPB
123,153,Feeding,EPB
124,153,Feeding,EPB
125,153,Feeding,EPB
126,153,Feeding,EPB
132,153,Feeding,EPB
135,153,Feeding,EPB
136,153,Feeding,EPB
50,154,Feeding,EPB
59,154,Feeding,EPB
60,154,Feeding,EPB
62,154,Feeding,EPB
63,154,Feeding,EPB
64,154,Feeding,EPB
68,154,Feeding,EPB
69,154,Feeding,EPB
75,154,Feeding,EPB
78,154,Feeding,EPB
79,154,Feeding,EPB
80,154,Feeding,EPB
81,154,Feeding,EPB
83,154,Feeding,EPB
84,154,Feeding,EPB
85,154,Feeding,EPB
95,154,Feeding,EPB
113,154,Feeding,EPB
114,154,Feeding,EPB
115,154,Feeding,EPB
50,157,Feeding,EPB
59,157,Feeding,EPB
60,157,Feeding,EPB
62,157,Feeding,EPB
63,157,Feeding,EPB
64,157,Feeding,EPB
68,157,Feeding,EPB
69,157,Feeding,EPB
71,157,Feeding,EPB
73,157,Feeding,EPB
113,157,Feeding,EPB
114,157,Feeding,EPB
117,157,Feeding,EPB
118,157,Feeding,EPB
121,157,Feeding,EPB
117,158,Feeding,EPB
118,158,Feeding,EPB
119,158,Feeding,EPB
121,158,Feeding,EPB
123,158,Feeding,EPB
126,158,Feeding,EPB
136,158,Feeding,EPB
12,159,Feeding,EPB
14,159,Feeding,EPB
16,159,Feeding,EPB
75,159,Feeding,EPB
78,159,Feeding,EPB
80,159,Feeding,EPB
84,159,Feeding,EPB
85,159,Feeding,EPB
95,159,Feeding,EPB
86,159,Feeding,EPB
90,159,Feeding,EPB
94,159,Feeding,EPB
94,159,Feeding,EPB
50,160,Feeding,EPB
75,160,Feeding,EPB
78,160,Feeding,EPB
79,160,Feeding,EPB
80,160,Feeding,EPB
81,160,Feeding,EPB
82,160,Feeding,EPB
83,160,Feeding,EPB
84,160,Feeding,EPB
85,160,Feeding,EPB
94,160,Feeding,EPB
95,160,Feeding,EPB
109,160,Feeding,EPB
113,160,Feeding,EPB
114,160,Feeding,EPB
115,160,Feeding,EPB
121,160,Feeding,EPB
122,160,Feeding,EPB
123,160,Feeding,EPB
124,160,Feeding,EPB
22,164,Feeding,EPB
23,164,Feeding,EPB
26,164,Feeding,EPB
27,164,Feeding,EPB
28,164,Feeding,EPB
29,164,Feeding,EPB
30,164,Feeding,EPB
31,164,Feeding,EPB
32,164,Feeding,EPB
33,164,Feeding,EPB
35,164,Feeding,EPB
45,164,Feeding,EPB
46,164,Feeding,EPB
49,164,Feeding,EPB
52,164,Feeding,EPB
53,164,Feeding,EPB
55,164,Feeding,EPB
57,164,Feeding,EPB
58,164,Feeding,EPB
59,164,Feeding,EPB
60,164,Feeding,EPB
63,164,Feeding,EPB
64,164,Feeding,EPB
68,164,Feeding,EPB
69,164,Feeding,EPB
79,164,Feeding,EPB
81,164,Feeding,EPB
83,164,Feeding,EPB
95,164,Feeding,EPB
109,164,Feeding,EPB
121,164,Feeding,EPB
123,164,Feeding,EPB
50,165,Feeding,EPB
95,165,Feeding,EPB
113,165,Feeding,EPB
114,165,Feeding,EPB
115,165,Feeding,EPB
117,165,Feeding,EPB
118,165,Feeding,EPB
119,165,Feeding,EPB
121,165,Feeding,EPB
122,165,Feeding,EPB
123,165,Feeding,EPB
124,165,Feeding,EPB
125,165,Feeding,EPB
126,165,Feeding,EPB
132,165,Feeding,EPB
135,165,Feeding,EPB
136,165,Feeding,EPB
117,167,Feeding,EPB
118,167,Feeding,EPB
119,167,Feeding,EPB
121,167,Feeding,EPB
123,167,Feeding,EPB
126,167,Feeding,EPB
136,167,Feeding,EPB
117,168,Feeding,EPB
118,168,Feeding,EPB
119,168,Feeding,EPB
121,168,Feeding,EPB
122,168,Feeding,EPB
123,168,Feeding,EPB
124,168,Feeding,EPB
125,168,Feeding,EPB
126,168,Feeding,EPB
132,168,Feeding,EPB
135,168,Feeding,EPB
136,168,Feeding,EPB
117,169,Feeding,EPB
118,169,Feeding,EPB
119,169,Feeding,EPB
121,169,Feeding,EPB
122,169,Feeding,EPB
123,169,Feeding,EPB
124,169,Feeding,EPB
125,169,Feeding,EPB
126,169,Feeding,EPB
132,169,Feeding,EPB
135,169,Feeding,EPB
136,169,Feeding,EPB
22,172,Feeding,EPB
23,172,Feeding,EPB
26,172,Feeding,EPB
27,172,Feeding,EPB
28,172,Feeding,EPB
29,172,Feeding,EPB
30,172,Feeding,EPB
31,172,Feeding,EPB
32,172,Feeding,EPB
33,172,Feeding,EPB
35,172,Feeding,EPB
45,172,Feeding,EPB
46,172,Feeding,EPB
49,172,Feeding,EPB
52,172,Feeding,EPB
53,172,Feeding,EPB
55,172,Feeding,EPB
57,172,Feeding,EPB
58,172,Feeding,EPB
79,172,Feeding,EPB
81,172,Feeding,EPB
83,172,Feeding,EPB
94,172,Feeding,EPB
86,172,Feeding,EPB
90,172,Feeding,EPB
119,172,Feeding,EPB
126,172,Feeding,EPB
136,172,Feeding,EPB
12,173,Feeding,EPB
14,173,Feeding,EPB
16,173,Feeding,EPB
75,173,Feeding,EPB
78,173,Feeding,EPB
80,173,Feeding,EPB
84,173,Feeding,EPB
85,173,Feeding,EPB
95,173,Feeding,EPB
86,173,Feeding,EPB
90,173,Feeding,EPB
94,173,Feeding,EPB
94,173,Feeding,EPB
94,174,Feeding,EPB
109,174,Feeding,EPB
50,175,Feeding,EPB
61,175,Feeding,EPB
71,175,Feeding,EPB
73,175,Feeding,EPB
74,175,Feeding,EPB
111,175,Feeding,EPB
112,175,Feeding,EPB
113,175,Feeding,EPB
114,175,Feeding,EPB
115,175,Feeding,EPB
119,175,Feeding,EPB
126,175,Feeding,EPB
136,175,Feeding,EPB
211,175,Feeding,EPB
22,178,Feeding,EPB
23,178,Feeding,EPB
26,178,Feeding,EPB
27,178,Feeding,EPB
28,178,Feeding,EPB
29,178,Feeding,EPB
30,178,Feeding,EPB
31,178,Feeding,EPB
32,178,Feeding,EPB
33,178,Feeding,EPB
35,178,Feeding,EPB
45,178,Feeding,EPB
46,178,Feeding,EPB
53,178,Feeding,EPB
55,178,Feeding,EPB
58,178,Feeding,EPB
64,178,Feeding,EPB
79,178,Feeding,EPB
81,178,Feeding,EPB
83,178,Feeding,EPB
94,178,Feeding,EPB
95,178,Feeding,EPB
100,178,Feeding,EPB
109,178,Feeding,EPB
94,178,Feeding,EPB
94,178,Feeding,EPB
121,178,Feeding,EPB
123,178,Feeding,EPB
4,179,Feeding,EPB
7,179,Feeding,EPB
8,179,Feeding,EPB
10,179,Feeding,EPB
11,179,Feeding,EPB
14,179,Feeding,EPB
16,179,Feeding,EPB
17,179,Feeding,EPB
48,179,Feeding,EPB
75,179,Feeding,EPB
78,179,Feeding,EPB
80,179,Feeding,EPB
84,179,Feeding,EPB
85,179,Feeding,EPB
95,179,Feeding,EPB
86,179,Feeding,EPB
90,179,Feeding,EPB
94,179,Feeding,EPB
94,179,Feeding,EPB
117,180,Feeding,EPB
118,180,Feeding,EPB
119,180,Feeding,EPB
121,180,Feeding,EPB
123,180,Feeding,EPB
126,180,Feeding,EPB
136,180,Feeding,EPB
22,181,Feeding,EPB
23,181,Feeding,EPB
26,181,Feeding,EPB
27,181,Feeding,EPB
28,181,Feeding,EPB
29,181,Feeding,EPB
30,181,Feeding,EPB
31,181,Feeding,EPB
32,181,Feeding,EPB
33,181,Feeding,EPB
35,181,Feeding,EPB
45,181,Feeding,EPB
46,181,Feeding,EPB
49,181,Feeding,EPB
50,181,Feeding,EPB
52,181,Feeding,EPB
53,181,Feeding,EPB
55,181,Feeding,EPB
57,181,Feeding,EPB
58,181,Feeding,EPB
59,181,Feeding,EPB
60,181,Feeding,EPB
63,181,Feeding,EPB
64,181,Feeding,EPB
68,181,Feeding,EPB
69,181,Feeding,EPB
82,181,Feeding,EPB
95,181,Feeding,EPB
109,181,Feeding,EPB
113,181,Feeding,EPB
114,181,Feeding,EPB
115,181,Feeding,EPB
119,181,Feeding,EPB
126,181,Feeding,EPB
136,181,Feeding,EPB
4,182,Feeding,EPB
7,182,Feeding,EPB
8,182,Feeding,EPB
9,182,Feeding,EPB
10,182,Feeding,EPB
11,182,Feeding,EPB
14,182,Feeding,EPB
16,182,Feeding,EPB
17,182,Feeding,EPB
48,182,Feeding,EPB
49,182,Feeding,EPB
52,182,Feeding,EPB
57,182,Feeding,EPB
75,182,Feeding,EPB
78,182,Feeding,EPB
79,182,Feeding,EPB
80,182,Feeding,EPB
84,182,Feeding,EPB
85,182,Feeding,EPB
95,182,Feeding,EPB
86,182,Feeding,EPB
90,182,Feeding,EPB
94,182,Feeding,EPB
94,182,Feeding,EPB
150,184,Feeding,EPB
164,184,Feeding,EPB
178,184,Feeding,EPB
195,184,Feeding,EPB
196,184,Feeding,EPB
207,184,Feeding,EPB
117,186,Feeding,EPB
118,186,Feeding,EPB
121,186,Feeding,EPB
122,186,Feeding,EPB
123,186,Feeding,EPB
124,186,Feeding,EPB
125,186,Feeding,EPB
132,186,Feeding,EPB
135,186,Feeding,EPB
50,189,Feeding,EPB
59,189,Feeding,EPB
60,189,Feeding,EPB
62,189,Feeding,EPB
63,189,Feeding,EPB
64,189,Feeding,EPB
68,189,Feeding,EPB
69,189,Feeding,EPB
71,189,Feeding,EPB
73,189,Feeding,EPB
113,189,Feeding,EPB
114,189,Feeding,EPB
117,189,Feeding,EPB
118,189,Feeding,EPB
117,190,Feeding,EPB
118,190,Feeding,EPB
119,190,Feeding,EPB
121,190,Feeding,EPB
122,190,Feeding,EPB
123,190,Feeding,EPB
124,190,Feeding,EPB
125,190,Feeding,EPB
126,190,Feeding,EPB
132,190,Feeding,EPB
135,190,Feeding,EPB
136,190,Feeding,EPB
50,191,Feeding,EPB
113,191,Feeding,EPB
114,191,Feeding,EPB
115,191,Feeding,EPB
117,191,Feeding,EPB
118,191,Feeding,EPB
119,191,Feeding,EPB
121,191,Feeding,EPB
122,191,Feeding,EPB
123,191,Feeding,EPB
124,191,Feeding,EPB
125,191,Feeding,EPB
126,191,Feeding,EPB
132,191,Feeding,EPB
135,191,Feeding,EPB
136,191,Feeding,EPB
50,195,Feeding,EPB
75,195,Feeding,EPB
78,195,Feeding,EPB
79,195,Feeding,EPB
80,195,Feeding,EPB
81,195,Feeding,EPB
83,195,Feeding,EPB
95,195,Feeding,EPB
109,195,Feeding,EPB
113,195,Feeding,EPB
114,195,Feeding,EPB
115,195,Feeding,EPB
22,196,Feeding,EPB
23,196,Feeding,EPB
26,196,Feeding,EPB
27,196,Feeding,EPB
28,196,Feeding,EPB
29,196,Feeding,EPB
30,196,Feeding,EPB
31,196,Feeding,EPB
32,196,Feeding,EPB
33,196,Feeding,EPB
35,196,Feeding,EPB
45,196,Feeding,EPB
46,196,Feeding,EPB
49,196,Feeding,EPB
50,196,Feeding,EPB
53,196,Feeding,EPB
55,196,Feeding,EPB
58,196,Feeding,EPB
59,196,Feeding,EPB
60,196,Feeding,EPB
63,196,Feeding,EPB
64,196,Feeding,EPB
68,196,Feeding,EPB
69,196,Feeding,EPB
71,196,Feeding,EPB
73,196,Feeding,EPB
75,196,Feeding,EPB
76,196,Feeding,EPB
78,196,Feeding,EPB
79,196,Feeding,EPB
80,196,Feeding,EPB
81,196,Feeding,EPB
82,196,Feeding,EPB
83,196,Feeding,EPB
84,196,Feeding,EPB
85,196,Feeding,EPB
95,196,Feeding,EPB
94,196,Feeding,EPB
94,196,Feeding,EPB
113,196,Feeding,EPB
119,196,Feeding,EPB
121,196,Feeding,EPB
123,196,Feeding,EPB
126,196,Feeding,EPB
136,196,Feeding,EPB
22,197,Feeding,EPB
23,197,Feeding,EPB
26,197,Feeding,EPB
27,197,Feeding,EPB
28,197,Feeding,EPB
29,197,Feeding,EPB
30,197,Feeding,EPB
31,197,Feeding,EPB
32,197,Feeding,EPB
33,197,Feeding,EPB
35,197,Feeding,EPB
45,197,Feeding,EPB
46,197,Feeding,EPB
53,197,Feeding,EPB
55,197,Feeding,EPB
58,197,Feeding,EPB
62,197,Feeding,EPB
64,197,Feeding,EPB
94,197,Feeding,EPB
50,198,Feeding,EPB
94,198,Feeding,EPB
113,198,Feeding,EPB
114,198,Feeding,EPB
115,198,Feeding,EPB
117,198,Feeding,EPB
118,198,Feeding,EPB
119,198,Feeding,EPB
121,198,Feeding,EPB
122,198,Feeding,EPB
123,198,Feeding,EPB
124,198,Feeding,EPB
125,198,Feeding,EPB
126,198,Feeding,EPB
132,198,Feeding,EPB
135,198,Feeding,EPB
136,198,Feeding,EPB
94,199,Feeding,EPB
109,199,Feeding,EPB
50,200,Feeding,EPB
75,200,Feeding,EPB
78,200,Feeding,EPB
79,200,Feeding,EPB
80,200,Feeding,EPB
81,200,Feeding,EPB
82,200,Feeding,EPB
83,200,Feeding,EPB
84,200,Feeding,EPB
85,200,Feeding,EPB
94,200,Feeding,EPB
95,200,Feeding,EPB
109,200,Feeding,EPB
113,200,Feeding,EPB
114,200,Feeding,EPB
115,200,Feeding,EPB
121,200,Feeding,EPB
122,200,Feeding,EPB
123,200,Feeding,EPB
124,200,Feeding,EPB
50,203,Feeding,EPB
94,203,Feeding,EPB
113,203,Feeding,EPB
114,203,Feeding,EPB
115,203,Feeding,EPB
117,203,Feeding,EPB
118,203,Feeding,EPB
119,203,Feeding,EPB
121,203,Feeding,EPB
122,203,Feeding,EPB
123,203,Feeding,EPB
124,203,Feeding,EPB
125,203,Feeding,EPB
126,203,Feeding,EPB
132,203,Feeding,EPB
135,203,Feeding,EPB
136,203,Feeding,EPB
117,205,Feeding,EPB
118,205,Feeding,EPB
119,205,Feeding,EPB
121,205,Feeding,EPB
122,205,Feeding,EPB
123,205,Feeding,EPB
124,205,Feeding,EPB
125,205,Feeding,EPB
126,205,Feeding,EPB
132,205,Feeding,EPB
135,205,Feeding,EPB
136,205,Feeding,EPB
50,206,Feeding,EPB
59,206,Feeding,EPB
60,206,Feeding,EPB
62,206,Feeding,EPB
63,206,Feeding,EPB
64,206,Feeding,EPB
68,206,Feeding,EPB
69,206,Feeding,EPB
71,206,Feeding,EPB
73,206,Feeding,EPB
113,206,Feeding,EPB
114,206,Feeding,EPB
117,206,Feeding,EPB
118,206,Feeding,EPB
6,207,Feeding,EPB
22,207,Feeding,EPB
23,207,Feeding,EPB
26,207,Feeding,EPB
27,207,Feeding,EPB
28,207,Feeding,EPB
29,207,Feeding,EPB
30,207,Feeding,EPB
31,207,Feeding,EPB
32,207,Feeding,EPB
33,207,Feeding,EPB
35,207,Feeding,EPB
45,207,Feeding,EPB
46,207,Feeding,EPB
50,207,Feeding,EPB
53,207,Feeding,EPB
55,207,Feeding,EPB
58,207,Feeding,EPB
61,207,Feeding,EPB
62,207,Feeding,EPB
64,207,Feeding,EPB
74,207,Feeding,EPB
75,207,Feeding,EPB
78,207,Feeding,EPB
79,207,Feeding,EPB
80,207,Feeding,EPB
81,207,Feeding,EPB
83,207,Feeding,EPB
84,207,Feeding,EPB
85,207,Feeding,EPB
94,207,Feeding,EPB
113,207,Feeding,EPB
50,208,Feeding,EPB
82,208,Feeding,EPB
113,208,Feeding,EPB
114,208,Feeding,EPB
115,208,Feeding,EPB
22,209,Feeding,EPB
23,209,Feeding,EPB
26,209,Feeding,EPB
27,209,Feeding,EPB
28,209,Feeding,EPB
29,209,Feeding,EPB
30,209,Feeding,EPB
31,209,Feeding,EPB
32,209,Feeding,EPB
33,209,Feeding,EPB
35,209,Feeding,EPB
45,209,Feeding,EPB
46,209,Feeding,EPB
49,209,Feeding,EPB
50,209,Feeding,EPB
52,209,Feeding,EPB
53,209,Feeding,EPB
55,209,Feeding,EPB
57,209,Feeding,EPB
58,209,Feeding,EPB
59,209,Feeding,EPB
60,209,Feeding,EPB
61,209,Feeding,EPB
62,209,Feeding,EPB
63,209,Feeding,EPB
64,209,Feeding,EPB
68,209,Feeding,EPB
69,209,Feeding,EPB
71,209,Feeding,EPB
73,209,Feeding,EPB
74,209,Feeding,EPB
79,209,Feeding,EPB
81,209,Feeding,EPB
83,209,Feeding,EPB
95,209,Feeding,EPB
109,209,Feeding,EPB
86,209,Feeding,EPB
90,209,Feeding,EPB
94,209,Feeding,EPB
94,209,Feeding,EPB
111,209,Feeding,EPB
112,209,Feeding,EPB
113,209,Feeding,EPB
114,209,Feeding,EPB
115,209,Feeding,EPB
119,209,Feeding,EPB
126,209,Feeding,EPB
136,209,Feeding,EPB
211,209,Feeding,EPB
111,211,Feeding,EPB
